"city","make","Model","ttl","rnk"
Aberdeen,TESLA,MODEL 3,23,1
Aberdeen,TESLA,MODEL Y,17,2
Aberdeen,CHEVROLET,BOLT EV,15,3
Aberdeen,NISSAN,LEAF,12,4
Aberdeen,FORD,MUSTANG MACH-E,11,5
Acme,TESLA,MODEL Y,2,1
Acme,CADILLAC,ELR,1,2
Acme,FORD,C-MAX,1,3
Acme,FORD,F-150,1,4
Acme,FORD,FUSION,1,5
Addy,TESLA,MODEL S,2,1
Addy,TESLA,MODEL Y,2,2
Addy,TESLA,MODEL 3,1,3
Addy,VOLKSWAGEN,ID.4,1,4
Airway Heights,TESLA,MODEL 3,8,1
Airway Heights,TESLA,MODEL Y,5,2
Airway Heights,CHEVROLET,BLAZER,3,3
Airway Heights,NISSAN,LEAF,3,4
Airway Heights,FORD,FUSION,2,5
Albion,MINI,HARDTOP,1,1
Alderdale,RIVIAN,R1T,1,1
Algona,TESLA,MODEL Y,10,1
Algona,NISSAN,LEAF,5,2
Algona,TESLA,MODEL 3,5,3
Algona,CHEVROLET,BOLT EV,2,4
Algona,HONDA,PROLOGUE,2,5
Allyn,TESLA,MODEL 3,22,1
Allyn,TESLA,MODEL Y,16,2
Allyn,CHEVROLET,VOLT,5,3
Allyn,JEEP,WRANGLER,5,4
Allyn,BMW,I4,3,5
Almira,CHEVROLET,EQUINOX,1,1
Almira,KIA,EV6,1,2
Amanda Park,FORD,C-MAX,1,1
Amanda Park,KIA,SORENTO,1,2
Amanda Park,TESLA,MODEL 3,1,3
Amanda Park,TOYOTA,BZ4X,1,4
Amboy,TESLA,MODEL Y,6,1
Amboy,VOLKSWAGEN,ID.4,4,2
Amboy,NISSAN,LEAF,3,3
Amboy,CHEVROLET,BOLT EV,2,4
Amboy,TESLA,MODEL 3,2,5
Anacortes,TESLA,MODEL Y,83,1
Anacortes,TESLA,MODEL 3,74,2
Anacortes,NISSAN,LEAF,42,3
Anacortes,CHEVROLET,BOLT EV,41,4
Anacortes,TESLA,MODEL S,38,5
Anderson Island,TESLA,MODEL Y,9,1
Anderson Island,TESLA,MODEL 3,6,2
Anderson Island,CHEVROLET,BOLT EV,4,3
Anderson Island,NISSAN,LEAF,4,4
Anderson Island,TESLA,MODEL S,4,5
Appleton,TOYOTA,PRIUS PRIME,1,1
Ariel,TESLA,MODEL Y,4,1
Ariel,CHEVROLET,BOLT EV,2,2
Ariel,FORD,FUSION,2,3
Ariel,TOYOTA,PRIUS PRIME,2,4
Ariel,TOYOTA,RAV4 PRIME,2,5
Arlington,TESLA,MODEL 3,93,1
Arlington,TESLA,MODEL Y,85,2
Arlington,NISSAN,LEAF,39,3
Arlington,TESLA,MODEL S,29,4
Arlington,FORD,MUSTANG MACH-E,28,5
Artondale,TESLA,MODEL X,2,1
Ashford,TESLA,MODEL X,5,1
Ashford,TESLA,MODEL Y,5,2
Ashford,TESLA,MODEL 3,3,3
Ashford,FORD,MUSTANG MACH-E,2,4
Ashford,AUDI,Q5 E,1,5
Asotin,CHEVROLET,BLAZER,2,1
Asotin,TESLA,MODEL 3,2,2
Asotin,TESLA,MODEL S,2,3
Asotin,CHEVROLET,BOLT EUV,1,4
Asotin,FORD,F-150,1,5
Auburn,TESLA,MODEL 3,186,1
Auburn,TESLA,MODEL Y,177,2
Auburn,TESLA,MODEL S,87,3
Auburn,NISSAN,LEAF,86,4
Auburn,TESLA,MODEL X,72,5
Bainbridge Island,TESLA,MODEL 3,125,1
Bainbridge Island,NISSAN,LEAF,123,2
Bainbridge Island,TESLA,MODEL Y,118,3
Bainbridge Island,VOLKSWAGEN,ID.4,70,4
Bainbridge Island,TESLA,MODEL S,69,5
Baring,TESLA,MODEL Y,3,1
Baring,TESLA,MODEL 3,2,2
Baring,RIVIAN,R1S,1,3
Baring,RIVIAN,R1T,1,4
Baring,TESLA,MODEL S,1,5
Battle Ground,TESLA,MODEL Y,98,1
Battle Ground,TESLA,MODEL 3,92,2
Battle Ground,NISSAN,LEAF,49,3
Battle Ground,TESLA,MODEL S,25,4
Battle Ground,TESLA,MODEL X,24,5
Bay Center,CHEVROLET,VOLT,1,1
Beaux Arts,TESLA,MODEL Y,10,1
Beaux Arts,TESLA,MODEL 3,7,2
Beaux Arts,CHEVROLET,VOLT,3,3
Beaux Arts,NISSAN,LEAF,3,4
Beaux Arts,RIVIAN,R1S,3,5
Beaver,FORD,ESCAPE,1,1
Belfair,TESLA,MODEL 3,31,1
Belfair,TESLA,MODEL Y,27,2
Belfair,CHEVROLET,BOLT EV,12,3
Belfair,NISSAN,LEAF,12,4
Belfair,TESLA,MODEL S,11,5
Bellevue,TESLA,MODEL X,279,1
Bellevue,TESLA,MODEL S,244,2
Bellevue,TESLA,MODEL Y,239,3
Bellevue,TESLA,MODEL 3,228,4
Bellevue,NISSAN,LEAF,215,5
Bellingham,NISSAN,LEAF,207,1
Bellingham,TESLA,MODEL Y,153,2
Bellingham,TESLA,MODEL 3,152,3
Bellingham,VOLKSWAGEN,ID.4,109,4
Bellingham,CHEVROLET,BOLT EV,102,5
Benton City,TESLA,MODEL 3,19,1
Benton City,TESLA,MODEL Y,9,2
Benton City,CHEVROLET,VOLT,6,3
Benton City,CHEVROLET,BOLT EUV,4,4
Benton City,CHEVROLET,BOLT EV,4,5
Bickleton,KIA,EV6,2,1
Bingen,CHEVROLET,BOLT EV,3,1
Bingen,TESLA,MODEL Y,3,2
Bingen,HYUNDAI,IONIQ 5,2,3
Bingen,CHEVROLET,VOLT,1,4
Bingen,MINI,COUNTRYMAN,1,5
Black Diamond,TESLA,MODEL Y,94,1
Black Diamond,TESLA,MODEL 3,64,2
Black Diamond,FORD,MUSTANG MACH-E,19,3
Black Diamond,TESLA,MODEL X,19,4
Black Diamond,TESLA,MODEL S,18,5
Blaine,TESLA,MODEL Y,72,1
Blaine,TESLA,MODEL 3,61,2
Blaine,NISSAN,LEAF,31,3
Blaine,TESLA,MODEL S,23,4
Blaine,CHEVROLET,VOLT,21,5
Bonney Lake,TESLA,MODEL Y,155,1
Bonney Lake,TESLA,MODEL 3,133,2
Bonney Lake,TESLA,MODEL X,52,3
Bonney Lake,FORD,MUSTANG MACH-E,38,4
Bonney Lake,NISSAN,LEAF,38,5
Bothell,TESLA,MODEL Y,226,1
Bothell,TESLA,MODEL 3,219,2
Bothell,NISSAN,LEAF,191,3
Bothell,TESLA,MODEL X,167,4
Bothell,TESLA,MODEL S,140,5
Bow,TESLA,MODEL Y,16,1
Bow,CHEVROLET,BOLT EV,13,2
Bow,TESLA,MODEL 3,13,3
Bow,NISSAN,LEAF,10,4
Bow,CHEVROLET,VOLT,5,5
Bremerton,TESLA,MODEL 3,149,1
Bremerton,TESLA,MODEL Y,125,2
Bremerton,NISSAN,LEAF,115,3
Bremerton,CHEVROLET,BOLT EV,52,4
Bremerton,FORD,MUSTANG MACH-E,49,5
Brewster,TESLA,MODEL Y,8,1
Brewster,TESLA,MODEL 3,4,2
Brewster,TESLA,CYBERTRUCK,2,3
Brewster,CHEVROLET,VOLT,1,4
Brewster,HYUNDAI,IONIQ 6,1,5
Bridgeport,TESLA,MODEL Y,2,1
Bridgeport,FORD,F-150,1,2
Bridgeport,FORD,MUSTANG MACH-E,1,3
Bridgeport Bar,TESLA,MODEL 3,2,1
Bridgeport Bar,FORD,C-MAX,1,2
Bridgeport Bar,KIA,EV9,1,3
Bridgeport Bar,LUCID,AIR,1,4
Bridgeport Bar,RIVIAN,R1T,1,5
Brier,TESLA,MODEL Y,49,1
Brier,NISSAN,LEAF,37,2
Brier,TESLA,MODEL 3,29,3
Brier,HYUNDAI,IONIQ 5,14,4
Brier,TESLA,MODEL S,10,5
Brinnon,TESLA,MODEL Y,12,1
Brinnon,CHEVROLET,BOLT EV,4,2
Brinnon,CHEVROLET,VOLT,3,3
Brinnon,TESLA,MODEL 3,3,4
Brinnon,FORD,F-150,2,5
Brush Prairie,TESLA,MODEL 3,57,1
Brush Prairie,TESLA,MODEL Y,46,2
Brush Prairie,TESLA,MODEL S,27,3
Brush Prairie,NISSAN,LEAF,21,4
Brush Prairie,TOYOTA,RAV4 PRIME,13,5
Buckley,TESLA,MODEL 3,56,1
Buckley,TESLA,MODEL Y,50,2
Buckley,JEEP,WRANGLER,19,3
Buckley,TESLA,MODEL S,16,4
Buckley,FORD,MUSTANG MACH-E,15,5
Bucoda,HONDA,PROLOGUE,1,1
Bucoda,NISSAN,LEAF,1,2
Bucoda,TESLA,MODEL 3,1,3
Buena,TESLA,MODEL 3,1,1
Buena,TESLA,MODEL Y,1,2
Burbank,TESLA,MODEL 3,8,1
Burbank,TESLA,MODEL Y,7,2
Burbank,TOYOTA,PRIUS PRIME,2,3
Burbank,CADILLAC,LYRIQ,1,4
Burbank,CHEVROLET,BOLT EV,1,5
Burien,TESLA,MODEL Y,127,1
Burien,TESLA,MODEL 3,110,2
Burien,NISSAN,LEAF,77,3
Burien,CHEVROLET,BOLT EV,49,4
Burien,TESLA,MODEL S,34,5
Burlington,TESLA,MODEL 3,34,1
Burlington,TESLA,MODEL Y,29,2
Burlington,NISSAN,LEAF,14,3
Burlington,CHEVROLET,VOLT,11,4
Burlington,RIVIAN,EDV,11,5
Bz Corner,CHEVROLET,BOLT EV,3,1
Bz Corner,TESLA,MODEL Y,2,2
Bz Corner,HONDA,PROLOGUE,1,3
Bz Corner,KIA,NIRO,1,4
Bz Corner,RIVIAN,R1T,1,5
Camano Island,TESLA,MODEL Y,77,1
Camano Island,TESLA,MODEL 3,68,2
Camano Island,TESLA,MODEL S,31,3
Camano Island,NISSAN,LEAF,26,4
Camano Island,VOLKSWAGEN,ID.4,26,5
Camas,TESLA,MODEL Y,162,1
Camas,TESLA,MODEL 3,146,2
Camas,NISSAN,LEAF,75,3
Camas,TESLA,MODEL S,74,4
Camas,TESLA,MODEL X,60,5
Carbonado,TESLA,MODEL Y,3,1
Carbonado,CHEVROLET,BOLT EV,2,2
Carbonado,FORD,MUSTANG MACH-E,2,3
Carbonado,TESLA,MODEL 3,2,4
Carbonado,CHEVROLET,BLAZER,1,5
Carlton,CHEVROLET,BLAZER,1,1
Carlton,CHEVROLET,BOLT EV,1,2
Carlton,FORD,MUSTANG MACH-E,1,3
Carlton,MINI,HARDTOP,1,4
Carlton,NISSAN,LEAF,1,5
Carnation,TESLA,MODEL 3,68,1
Carnation,TESLA,MODEL Y,59,2
Carnation,NISSAN,LEAF,26,3
Carnation,CHEVROLET,BOLT EV,21,4
Carnation,FORD,MUSTANG MACH-E,16,5
Carson,CHEVROLET,BOLT EV,4,1
Carson,TESLA,MODEL 3,4,2
Carson,TESLA,MODEL Y,3,3
Carson,TOYOTA,RAV4 PRIME,2,4
Carson,CHEVROLET,BOLT EUV,1,5
Cashmere,TESLA,MODEL Y,24,1
Cashmere,NISSAN,LEAF,8,2
Cashmere,TESLA,MODEL 3,7,3
Cashmere,CHEVROLET,BOLT EV,6,4
Cashmere,TESLA,MODEL X,5,5
Castle Rock,TESLA,MODEL 3,18,1
Castle Rock,TESLA,MODEL Y,13,2
Castle Rock,NISSAN,LEAF,6,3
Castle Rock,CHEVROLET,BOLT EV,5,4
Castle Rock,FORD,MUSTANG MACH-E,5,5
Cathlamet,CHEVROLET,BOLT EV,6,1
Cathlamet,TESLA,MODEL 3,6,2
Cathlamet,TOYOTA,PRIUS PRIME,6,3
Cathlamet,FORD,F-150,4,4
Cathlamet,TESLA,MODEL Y,4,5
Centerville,CHEVROLET,BOLT EV,1,1
Centerville,JEEP,WRANGLER,1,2
Centerville,NISSAN,LEAF,1,3
Centerville,TESLA,MODEL Y,1,4
Centerville,TOYOTA,PRIUS PRIME,1,5
Centralia,CHRYSLER,PACIFICA,37,1
Centralia,NISSAN,LEAF,28,2
Centralia,TESLA,MODEL 3,26,3
Centralia,TESLA,MODEL Y,23,4
Centralia,JEEP,WRANGLER,16,5
Chattaroy,TESLA,MODEL Y,13,1
Chattaroy,TESLA,MODEL 3,7,2
Chattaroy,CHEVROLET,VOLT,3,3
Chattaroy,MITSUBISHI,OUTLANDER,3,4
Chattaroy,VOLKSWAGEN,ID.4,3,5
Chehalis,TESLA,MODEL 3,39,1
Chehalis,TESLA,MODEL Y,33,2
Chehalis,CHEVROLET,VOLT,22,3
Chehalis,FORD,MUSTANG MACH-E,16,4
Chehalis,NISSAN,LEAF,15,5
Chelan,TESLA,MODEL Y,41,1
Chelan,TESLA,MODEL S,19,2
Chelan,TESLA,MODEL 3,16,3
Chelan,TESLA,MODEL X,16,4
Chelan,NISSAN,LEAF,8,5
Chelan Falls,TESLA,MODEL Y,2,1
Chelan Falls,KIA,EV9,1,2
Chelan Falls,VOLVO,S60,1,3
Cheney,TESLA,MODEL Y,43,1
Cheney,TESLA,MODEL 3,23,2
Cheney,CHEVROLET,BOLT EV,9,3
Cheney,CHEVROLET,VOLT,9,4
Cheney,FORD,F-150,7,5
Chewelah,TESLA,MODEL Y,6,1
Chewelah,CHEVROLET,VOLT,3,2
Chewelah,TESLA,MODEL 3,3,3
Chewelah,FORD,MUSTANG MACH-E,2,4
Chewelah,TOYOTA,PRIUS PRIME,2,5
Chimacum,NISSAN,LEAF,12,1
Chimacum,KIA,NIRO,3,2
Chimacum,TESLA,MODEL 3,3,3
Chimacum,CHEVROLET,BOLT EUV,2,4
Chimacum,CHEVROLET,BOLT EV,2,5
Chinook,SUBARU,SOLTERRA,1,1
Chinook,TESLA,MODEL 3,1,2
Chinook,TOYOTA,RAV4 PRIME,1,3
Cinebar,CHEVROLET,BLAZER,1,1
Cinebar,CHEVROLET,BOLT EUV,1,2
Cinebar,CHEVROLET,BOLT EV,1,3
Cinebar,CHEVROLET,VOLT,1,4
Cinebar,FORD,FUSION,1,5
Clallam Bay,KIA,SOUL,1,1
Clallam Bay,LEXUS,NX,1,2
Clarkston,TESLA,MODEL 3,9,1
Clarkston,TESLA,MODEL Y,9,2
Clarkston,TOYOTA,PRIUS PRIME,6,3
Clarkston,TOYOTA,RAV4 PRIME,6,4
Clarkston,CHEVROLET,BOLT EV,5,5
Clayton,MITSUBISHI,OUTLANDER,2,1
Clayton,TESLA,MODEL Y,2,2
Clayton,BMW,I3,1,3
Clayton,CHEVROLET,BOLT EV,1,4
Clayton,FORD,F-150,1,5
Cle Elum,TESLA,MODEL Y,45,1
Cle Elum,TESLA,MODEL 3,30,2
Cle Elum,TESLA,MODEL S,27,3
Cle Elum,TESLA,MODEL X,17,4
Cle Elum,RIVIAN,R1S,14,5
Clearlake,CHEVROLET,BOLT EUV,1,1
Clearlake,FORD,FUSION,1,2
Clearlake,TESLA,MODEL 3,1,3
Clinton,TESLA,MODEL Y,32,1
Clinton,NISSAN,LEAF,26,2
Clinton,TESLA,MODEL 3,24,3
Clinton,CHEVROLET,BOLT EV,17,4
Clinton,TOYOTA,RAV4 PRIME,12,5
Clyde Hill,TESLA,MODEL X,56,1
Clyde Hill,TESLA,MODEL Y,49,2
Clyde Hill,TESLA,MODEL 3,47,3
Clyde Hill,TESLA,MODEL S,40,4
Clyde Hill,PORSCHE,TAYCAN,15,5
Colbert,TESLA,MODEL Y,33,1
Colbert,TESLA,MODEL 3,18,2
Colbert,JEEP,WRANGLER,10,3
Colbert,TESLA,MODEL S,6,4
Colbert,CHEVROLET,VOLT,5,5
Colfax,TESLA,MODEL 3,5,1
Colfax,TOYOTA,PRIUS PRIME,4,2
Colfax,TESLA,MODEL X,3,3
Colfax,TESLA,MODEL Y,3,4
Colfax,TOYOTA,RAV4 PRIME,3,5
College Place,TESLA,MODEL Y,17,1
College Place,TESLA,MODEL 3,13,2
College Place,TOYOTA,RAV4 PRIME,5,3
College Place,CHEVROLET,VOLT,4,4
College Place,HONDA,PROLOGUE,4,5
Colton,BMW,X5,1,1
Colton,CHEVROLET,VOLT,1,2
Colton,FORD,F-150,1,3
Colton,TOYOTA,PRIUS PRIME,1,4
Colton,VOLKSWAGEN,ID.4,1,5
Colville,TESLA,MODEL Y,13,1
Colville,CHEVROLET,BOLT EV,7,2
Colville,TESLA,MODEL 3,6,3
Colville,CHEVROLET,VOLT,5,4
Colville,NISSAN,LEAF,4,5
Conconully,CHEVROLET,VOLT,1,1
Conconully,TESLA,MODEL Y,1,2
Concrete,TESLA,MODEL 3,10,1
Concrete,CHEVROLET,BOLT EV,5,2
Concrete,NISSAN,LEAF,5,3
Concrete,TESLA,CYBERTRUCK,4,4
Concrete,TESLA,MODEL Y,4,5
Connell,TESLA,MODEL 3,5,1
Connell,TESLA,MODEL Y,5,2
Connell,CHEVROLET,BOLT EV,3,3
Connell,AUDI,A3,1,4
Connell,AUDI,Q5 E,1,5
Copalis Beach,TESLA,MODEL 3,4,1
Copalis Beach,TOYOTA,RAV4 PRIME,2,2
Copalis Beach,AUDI,E-TRON,1,3
Copalis Beach,CHEVROLET,BOLT EV,1,4
Copalis Beach,HYUNDAI,IONIQ 5,1,5
Copalis Crossing,NISSAN,LEAF,1,1
Copalis Crossing,TESLA,MODEL Y,1,2
Cosmopolis,TESLA,MODEL Y,6,1
Cosmopolis,TESLA,MODEL 3,4,2
Cosmopolis,JEEP,GRAND CHEROKEE,2,3
Cosmopolis,JEEP,WRANGLER,2,4
Cosmopolis,TOYOTA,BZ4X,2,5
Cougar,PORSCHE,CAYENNE,1,1
Cougar,RIVIAN,R1S,1,2
Cougar,TESLA,MODEL X,1,3
Coulee City,TESLA,MODEL Y,6,1
Coulee City,TESLA,MODEL 3,5,2
Coulee City,TESLA,MODEL S,2,3
Coulee City,CHEVROLET,BLAZER,1,4
Coulee City,CHEVROLET,BOLT EUV,1,5
Coulee Dam,TESLA,MODEL Y,2,1
Coulee Dam,CHEVROLET,BOLT EUV,1,2
Coulee Dam,CHEVROLET,SPARK,1,3
Coulee Dam,FORD,MUSTANG MACH-E,1,4
Coulee Dam,JEEP,WRANGLER,1,5
Coupeville,TESLA,MODEL Y,36,1
Coupeville,TESLA,MODEL 3,31,2
Coupeville,NISSAN,LEAF,22,3
Coupeville,HYUNDAI,IONIQ 5,12,4
Coupeville,CHEVROLET,BOLT EV,10,5
Covington,TESLA,MODEL Y,130,1
Covington,TESLA,MODEL 3,106,2
Covington,TESLA,MODEL S,28,3
Covington,NISSAN,LEAF,25,4
Covington,TESLA,MODEL X,25,5
Cowiche,TESLA,MODEL 3,2,1
Cowiche,CADILLAC,LYRIQ,1,2
Cowiche,CHEVROLET,BOLT EV,1,3
Cowiche,CHEVROLET,VOLT,1,4
Cowiche,VOLKSWAGEN,ID.4,1,5
Creston,TESLA,MODEL Y,1,1
Creston,TOYOTA,RAV4 PRIME,1,2
Curlew,TESLA,MODEL 3,3,1
Curlew,TESLA,MODEL Y,2,2
Curlew,BMW,I3,1,3
Curlew,BMW,X5,1,4
Curlew,TESLA,MODEL S,1,5
Curtis,TESLA,MODEL 3,3,1
Curtis,JEEP,WRANGLER,2,2
Curtis,FORD,C-MAX,1,3
Curtis,FORD,F-150,1,4
Curtis,FORD,MUSTANG MACH-E,1,5
Cusick,CHEVROLET,BLAZER,2,1
Cusick,CHEVROLET,BOLT EV,1,2
Cusick,CHEVROLET,EQUINOX,1,3
Cusick,CHRYSLER,PACIFICA,1,4
Cusick,FORD,FUSION,1,5
Custer,TESLA,MODEL 3,6,1
Custer,TESLA,MODEL Y,5,2
Custer,NISSAN,LEAF,4,3
Custer,CHEVROLET,VOLT,3,4
Custer,FORD,MUSTANG MACH-E,2,5
Dallesport,TESLA,MODEL 3,5,1
Dallesport,TOYOTA,PRIUS PRIME,2,2
Dallesport,CADILLAC,LYRIQ,1,3
Dallesport,CHEVROLET,BOLT EV,1,4
Dallesport,FORD,MUSTANG MACH-E,1,5
Danville,TESLA,MODEL 3,1,1
Darrington,FORD,F-150,5,1
Darrington,CHEVROLET,EQUINOX,2,2
Darrington,TESLA,MODEL 3,2,3
Darrington,CHEVROLET,BOLT EV,1,4
Darrington,FORD,MUSTANG MACH-E,1,5
Davenport,TESLA,MODEL 3,5,1
Davenport,TESLA,MODEL Y,4,2
Davenport,CHEVROLET,BOLT EV,3,3
Davenport,TOYOTA,PRIUS PRIME,3,4
Davenport,BMW,"530E",1,5
Dayton,CHEVROLET,BOLT EV,3,1
Dayton,FORD,F-150,3,2
Dayton,TESLA,MODEL S,2,3
Dayton,TESLA,MODEL Y,2,4
Dayton,CHEVROLET,BOLT EUV,1,5
Deer Harbor,CHEVROLET,BOLT EV,1,1
Deer Meadows,TESLA,MODEL Y,2,1
Deer Meadows,CHEVROLET,VOLT,1,2
Deer Park,TESLA,MODEL Y,17,1
Deer Park,TESLA,MODEL 3,10,2
Deer Park,JEEP,WRANGLER,5,3
Deer Park,NISSAN,LEAF,5,4
Deer Park,CHEVROLET,BOLT EV,4,5
Deming,NISSAN,LEAF,7,1
Deming,TESLA,MODEL 3,3,2
Deming,CHEVROLET,BOLT EUV,2,3
Deming,FORD,F-150,2,4
Deming,FORD,MUSTANG MACH-E,2,5
Des Moines,TESLA,MODEL Y,102,1
Des Moines,TESLA,MODEL 3,81,2
Des Moines,NISSAN,LEAF,28,3
Des Moines,CHEVROLET,BOLT EV,24,4
Des Moines,VOLKSWAGEN,ID.4,24,5
Dixie,TESLA,MODEL Y,1,1
Dryden,TESLA,MODEL Y,1,1
Dupont,TESLA,MODEL Y,53,1
Dupont,TESLA,MODEL 3,41,2
Dupont,NISSAN,LEAF,11,3
Dupont,JEEP,WRANGLER,9,4
Dupont,FORD,F-150,7,5
Duvall,TESLA,MODEL Y,103,1
Duvall,TESLA,MODEL 3,85,2
Duvall,NISSAN,LEAF,55,3
Duvall,CHEVROLET,BOLT EV,26,4
Duvall,TESLA,MODEL S,24,5
East Wenatchee,TESLA,MODEL Y,60,1
East Wenatchee,TESLA,MODEL 3,51,2
East Wenatchee,NISSAN,LEAF,28,3
East Wenatchee,TESLA,MODEL S,19,4
East Wenatchee,CHEVROLET,VOLT,17,5
Easton,TESLA,MODEL Y,7,1
Easton,CHEVROLET,BOLT EV,1,2
Easton,CHEVROLET,VOLT,1,3
Easton,FORD,F-150,1,4
Easton,FORD,FUSION,1,5
Eastsound,NISSAN,LEAF,63,1
Eastsound,CHEVROLET,BOLT EV,26,2
Eastsound,TESLA,MODEL Y,22,3
Eastsound,CHEVROLET,VOLT,16,4
Eastsound,TESLA,MODEL 3,15,5
Eatonville,TESLA,MODEL 3,33,1
Eatonville,TESLA,MODEL Y,23,2
Eatonville,NISSAN,LEAF,9,3
Eatonville,FORD,F-150,7,4
Eatonville,TESLA,MODEL S,7,5
Edgewood,TESLA,MODEL Y,64,1
Edgewood,TESLA,MODEL 3,56,2
Edgewood,TESLA,MODEL S,14,3
Edgewood,CHEVROLET,VOLT,13,4
Edgewood,TESLA,MODEL X,12,5
Edmonds,TESLA,MODEL 3,161,1
Edmonds,TESLA,MODEL Y,152,2
Edmonds,NISSAN,LEAF,135,3
Edmonds,TESLA,MODEL S,69,4
Edmonds,VOLKSWAGEN,ID.4,62,5
Edwall,CHEVROLET,VOLT,1,1
Edwall,FORD,C-MAX,1,2
Edwall,KIA,EV6,1,3
Edwall,TESLA,MODEL 3,1,4
Edwall,TESLA,MODEL Y,1,5
Elbe,TESLA,MODEL 3,3,1
Elbe,RIVIAN,R1S,1,2
Elbe,TESLA,MODEL Y,1,3
Electric City,TESLA,MODEL Y,3,1
Electric City,CHEVROLET,VOLT,1,2
Electric City,FORD,FUSION,1,3
Electric City,FORD,MUSTANG MACH-E,1,4
Electric City,VOLKSWAGEN,ID.4,1,5
Elk,CHEVROLET,BOLT EV,4,1
Elk,CHEVROLET,VOLT,3,2
Elk,NISSAN,ARIYA,3,3
Elk,TESLA,MODEL X,3,4
Elk,KIA,EV6,2,5
Ellensburg,TESLA,MODEL 3,60,1
Ellensburg,TESLA,MODEL Y,55,2
Ellensburg,NISSAN,LEAF,15,3
Ellensburg,FORD,F-150,14,4
Ellensburg,CHEVROLET,BOLT EV,13,5
Elma,TESLA,MODEL 3,13,1
Elma,TESLA,MODEL Y,11,2
Elma,NISSAN,LEAF,7,3
Elma,CHRYSLER,PACIFICA,4,4
Elma,FORD,FUSION,4,5
Elmer City,CHEVROLET,BOLT EUV,1,1
Elmer City,FORD,FUSION,1,2
Eltopia,CHEVROLET,VOLT,2,1
Eltopia,TESLA,MODEL Y,2,2
Eltopia,CADILLAC,LYRIQ,1,3
Eltopia,FORD,FUSION,1,4
Eltopia,LINCOLN,AVIATOR,1,5
Endicott,FORD,F-150,2,1
Endicott,FORD,FUSION,1,2
Endicott,NISSAN,LEAF,1,3
Endicott,TESLA,MODEL Y,1,4
Endicott,TOYOTA,PRIUS PRIME,1,5
Entiat,TESLA,MODEL Y,7,1
Entiat,TESLA,MODEL 3,6,2
Entiat,NISSAN,LEAF,4,3
Entiat,FORD,FUSION,3,4
Entiat,FORD,F-150,2,5
Enumclaw,TESLA,MODEL 3,61,1
Enumclaw,TESLA,MODEL Y,56,2
Enumclaw,CHEVROLET,BOLT EV,32,3
Enumclaw,TESLA,MODEL S,24,4
Enumclaw,FORD,MUSTANG MACH-E,17,5
Ephrata,TESLA,MODEL 3,18,1
Ephrata,TESLA,MODEL Y,18,2
Ephrata,JEEP,GRAND CHEROKEE,10,3
Ephrata,FORD,F-150,7,4
Ephrata,JEEP,WRANGLER,6,5
Ethel,TESLA,MODEL Y,3,1
Ethel,TOYOTA,PRIUS PRIME,2,2
Ethel,FORD,MUSTANG MACH-E,1,3
Ethel,HYUNDAI,KONA,1,4
Ethel,LINCOLN,CORSAIR,1,5
Evans,CHEVROLET,VOLT,3,1
Evans,AUDI,Q5 E,1,2
Evans,CHEVROLET,BOLT EUV,1,3
Evans,TESLA,MODEL 3,1,4
Evans,TESLA,MODEL Y,1,5
Everett,TESLA,MODEL Y,198,1
Everett,TESLA,MODEL 3,195,2
Everett,NISSAN,LEAF,168,3
Everett,CHEVROLET,BOLT EV,96,4
Everett,CHEVROLET,VOLT,86,5
Everson,TESLA,MODEL Y,19,1
Everson,TESLA,MODEL 3,16,2
Everson,NISSAN,LEAF,8,3
Everson,CHEVROLET,BOLT EV,6,4
Everson,TESLA,MODEL S,4,5
Fairchild Air Force Base,TESLA,MODEL 3,8,1
Fairchild Air Force Base,MAZDA,CX-90,2,2
Fairchild Air Force Base,NISSAN,LEAF,2,3
Fairchild Air Force Base,TESLA,MODEL Y,2,4
Fairchild Air Force Base,AUDI,Q5,1,5
Fairfield,CHEVROLET,VOLT,1,1
Fairfield,FORD,F-150,1,2
Fairfield,JEEP,WRANGLER,1,3
Fall City,TESLA,MODEL Y,44,1
Fall City,TESLA,MODEL 3,42,2
Fall City,TESLA,MODEL S,14,3
Fall City,NISSAN,LEAF,12,4
Fall City,TESLA,MODEL X,10,5
Farmington,JEEP,WRANGLER,1,1
Federal Way,TESLA,MODEL 3,173,1
Federal Way,TESLA,MODEL Y,173,2
Federal Way,NISSAN,LEAF,84,3
Federal Way,TESLA,MODEL S,62,4
Federal Way,CHEVROLET,BOLT EV,46,5
Ferndale,TESLA,MODEL 3,56,1
Ferndale,TESLA,MODEL Y,56,2
Ferndale,NISSAN,LEAF,39,3
Ferndale,CHEVROLET,BOLT EV,21,4
Ferndale,TESLA,MODEL S,19,5
Fife,TESLA,MODEL Y,45,1
Fife,TESLA,MODEL 3,35,2
Fife,JEEP,GRAND CHEROKEE,14,3
Fife,CHEVROLET,VOLT,10,4
Fife,BMW,I4,8,5
Fircrest,TESLA,MODEL 3,32,1
Fircrest,TESLA,MODEL Y,32,2
Fircrest,NISSAN,LEAF,19,3
Fircrest,TESLA,MODEL S,7,4
Fircrest,CHEVROLET,BOLT EV,6,5
Ford,CHEVROLET,VOLT,2,1
Ford,CHEVROLET,BOLT EV,1,2
Ford,MITSUBISHI,OUTLANDER,1,3
Ford,SUBARU,SOLTERRA,1,4
Forks,TESLA,MODEL Y,5,1
Forks,TESLA,MODEL 3,4,2
Forks,CHEVROLET,BOLT EV,2,3
Forks,FORD,MUSTANG MACH-E,2,4
Forks,JEEP,WRANGLER,2,5
Fox Island,TESLA,MODEL Y,42,1
Fox Island,TESLA,MODEL 3,28,2
Fox Island,TESLA,MODEL S,16,3
Fox Island,RIVIAN,R1S,10,4
Fox Island,TOYOTA,PRIUS PRIME,10,5
Freeland,TESLA,MODEL Y,30,1
Freeland,TESLA,MODEL 3,28,2
Freeland,NISSAN,LEAF,20,3
Freeland,CHEVROLET,BOLT EV,14,4
Freeland,CHEVROLET,VOLT,14,5
Friday Harbor,NISSAN,LEAF,67,1
Friday Harbor,TESLA,MODEL Y,44,2
Friday Harbor,CHEVROLET,BOLT EV,42,3
Friday Harbor,TESLA,MODEL S,28,4
Friday Harbor,TESLA,MODEL 3,24,5
Galvin,TESLA,MODEL 3,1,1
Gardiner,HYUNDAI,KONA,1,1
Garfield,FORD,MUSTANG MACH-E,1,1
Garfield,SUBARU,SOLTERRA,1,2
Garfield,TESLA,MODEL 3,1,3
Garfield,TESLA,MODEL S,1,4
Garfield,TOYOTA,RAV4 PRIME,1,5
Gifford,MITSUBISHI,OUTLANDER,1,1
Gig Harbor,TESLA,MODEL 3,170,1
Gig Harbor,TESLA,MODEL Y,160,2
Gig Harbor,TESLA,MODEL S,95,3
Gig Harbor,NISSAN,LEAF,91,4
Gig Harbor,TESLA,MODEL X,52,5
Glacier,TESLA,MODEL Y,4,1
Glacier,TESLA,MODEL 3,3,2
Glacier,KIA,EV6,2,3
Glacier,AUDI,E-TRON,1,4
Glacier,BMW,I4,1,5
Glenoma,CHRYSLER,PACIFICA,1,1
Glenoma,FORD,MUSTANG MACH-E,1,2
Glenoma,HONDA,CLARITY,1,3
Glenoma,KIA,EV6,1,4
Glenoma,KIA,SORENTO,1,5
Glenwood,FORD,C-MAX,1,1
Gold Bar,TESLA,MODEL Y,15,1
Gold Bar,TESLA,MODEL 3,14,2
Gold Bar,CHEVROLET,VOLT,7,3
Gold Bar,TESLA,MODEL S,5,4
Gold Bar,JEEP,WRANGLER,4,5
Goldendale,FORD,F-150,8,1
Goldendale,CHEVROLET,BOLT EV,6,2
Goldendale,CHEVROLET,VOLT,5,3
Goldendale,TOYOTA,BZ4X,5,4
Goldendale,TESLA,MODEL Y,3,5
Graham,TESLA,MODEL 3,70,1
Graham,TESLA,MODEL Y,59,2
Graham,NISSAN,LEAF,21,3
Graham,JEEP,WRANGLER,19,4
Graham,KIA,NIRO,19,5
Grand Coulee,BMW,I3,2,1
Grand Coulee,TESLA,MODEL Y,2,2
Grand Coulee,BMW,I4,1,3
Grand Coulee,FORD,C-MAX,1,4
Grand Coulee,HONDA,CLARITY,1,5
Grandview,TESLA,MODEL 3,18,1
Grandview,TESLA,MODEL S,7,2
Grandview,TESLA,MODEL Y,6,3
Grandview,JEEP,WRANGLER,4,4
Grandview,TESLA,MODEL X,3,5
Granger,CHEVROLET,BOLT EUV,1,1
Granger,CHEVROLET,BOLT EV,1,2
Granger,FORD,F-150,1,3
Granger,HONDA,PROLOGUE,1,4
Granger,JEEP,GRAND CHEROKEE,1,5
Granite Falls,TESLA,MODEL 3,37,1
Granite Falls,TESLA,MODEL Y,33,2
Granite Falls,NISSAN,LEAF,17,3
Granite Falls,TESLA,MODEL S,13,4
Granite Falls,CHEVROLET,VOLT,10,5
Grapeview,TESLA,MODEL Y,14,1
Grapeview,TESLA,MODEL 3,8,2
Grapeview,TESLA,MODEL S,7,3
Grapeview,CHEVROLET,VOLT,6,4
Grapeview,FORD,MUSTANG MACH-E,6,5
Grayland,TOYOTA,PRIUS PRIME,2,1
Grayland,CHEVROLET,BOLT EUV,1,2
Grayland,CHEVROLET,BOLT EV,1,3
Grayland,CHEVROLET,VOLT,1,4
Grayland,FORD,FUSION,1,5
Grays River,CHEVROLET,BOLT EV,1,1
Grays River,CHEVROLET,VOLT,1,2
Grays River,TESLA,MODEL 3,1,3
Grays River,VOLKSWAGEN,ID.4,1,4
Greenacres,TESLA,MODEL Y,41,1
Greenacres,TESLA,MODEL 3,29,2
Greenacres,TESLA,MODEL S,12,3
Greenacres,FORD,MUSTANG MACH-E,8,4
Greenacres,JEEP,WRANGLER,7,5
Greenbank,NISSAN,LEAF,9,1
Greenbank,TESLA,MODEL Y,9,2
Greenbank,CHEVROLET,BOLT EV,8,3
Greenbank,TESLA,MODEL 3,8,4
Greenbank,TESLA,MODEL S,8,5
Hamilton,CHEVROLET,BOLT EUV,1,1
Hamilton,NISSAN,LEAF,1,2
Hansville,TESLA,MODEL Y,17,1
Hansville,FORD,MUSTANG MACH-E,7,2
Hansville,TESLA,MODEL 3,7,3
Hansville,CHEVROLET,BOLT EV,5,4
Hansville,NISSAN,LEAF,5,5
Harrah,CHEVROLET,VOLT,1,1
Harrington,CHEVROLET,VOLT,1,1
Harrington,KIA,EV6,1,2
Hartline,JEEP,WRANGLER,1,1
Hartline,TESLA,MODEL 3,1,2
Hatton,TESLA,MODEL 3,1,1
Holden Village,TESLA,MODEL 3,1,1
Hoodsport,TESLA,MODEL Y,8,1
Hoodsport,TESLA,MODEL 3,7,2
Hoodsport,CHEVROLET,BOLT EV,4,3
Hoodsport,CHEVROLET,VOLT,4,4
Hoodsport,NISSAN,LEAF,4,5
Hoquiam,TESLA,MODEL 3,6,1
Hoquiam,TESLA,MODEL Y,6,2
Hoquiam,CHEVROLET,BOLT EV,5,3
Hoquiam,FORD,C-MAX,5,4
Hoquiam,FORD,MUSTANG MACH-E,4,5
Hunters,TESLA,MODEL 3,1,1
Hunters,TOYOTA,RAV4 PRIME,1,2
Hunts Point,TESLA,MODEL S,13,1
Hunts Point,TESLA,MODEL X,12,2
Hunts Point,PORSCHE,TAYCAN,6,3
Hunts Point,TESLA,MODEL Y,6,4
Hunts Point,TESLA,MODEL 3,5,5
Husum,TESLA,MODEL Y,6,1
Husum,TESLA,MODEL 3,4,2
Husum,TOYOTA,RAV4 PRIME,3,3
Husum,AUDI,Q5 E,2,4
Husum,CHEVROLET,BOLT EV,1,5
Ilwaco,TOYOTA,RAV4 PRIME,3,1
Ilwaco,CHEVROLET,BOLT EV,2,2
Ilwaco,KIA,EV6,2,3
Ilwaco,RIVIAN,R1S,2,4
Ilwaco,TOYOTA,PRIUS PRIME,2,5
Incorporated,BMW,I4,1,1
Index,CHEVROLET,BOLT EV,2,1
Index,BMW,X3,1,2
Index,CHEVROLET,BOLT EUV,1,3
Index,NISSAN,LEAF,1,4
Index,TESLA,MODEL Y,1,5
Indianola,NISSAN,LEAF,11,1
Indianola,TESLA,MODEL Y,9,2
Indianola,CHEVROLET,BOLT EV,4,3
Indianola,HYUNDAI,IONIQ 5,4,4
Indianola,TESLA,MODEL 3,4,5
Ione,MAZDA,CX-90,1,1
Ione,TESLA,MODEL Y,1,2
Ione,TOYOTA,RAV4 PRIME,1,3
Issaquah,TESLA,MODEL Y,208,1
Issaquah,TESLA,MODEL 3,197,2
Issaquah,TESLA,MODEL X,123,3
Issaquah,TESLA,MODEL S,106,4
Issaquah,NISSAN,LEAF,103,5
Joint Base Lewis Mcchord,TESLA,MODEL 3,36,1
Joint Base Lewis Mcchord,TESLA,MODEL Y,26,2
Joint Base Lewis Mcchord,KIA,EV6,11,3
Joint Base Lewis Mcchord,CHRYSLER,PACIFICA,5,4
Joint Base Lewis Mcchord,FORD,MUSTANG MACH-E,5,5
Kalama,TESLA,MODEL Y,25,1
Kalama,TESLA,MODEL 3,21,2
Kalama,CHEVROLET,VOLT,8,3
Kalama,NISSAN,LEAF,7,4
Kalama,CHEVROLET,BOLT EV,6,5
Kapowsin,TESLA,MODEL S,3,1
Kapowsin,NISSAN,LEAF,2,2
Kapowsin,TESLA,MODEL 3,1,3
Kapowsin,TESLA,MODEL Y,1,4
Kelso,TESLA,MODEL 3,35,1
Kelso,TESLA,MODEL Y,31,2
Kelso,CHEVROLET,BOLT EV,15,3
Kelso,NISSAN,LEAF,12,4
Kelso,JEEP,WRANGLER,11,5
Kenmore,TESLA,MODEL 3,129,1
Kenmore,TESLA,MODEL Y,120,2
Kenmore,NISSAN,LEAF,87,3
Kenmore,TESLA,MODEL X,39,4
Kenmore,TESLA,MODEL S,37,5
Kennewick,TESLA,MODEL 3,126,1
Kennewick,TESLA,MODEL Y,113,2
Kennewick,TESLA,MODEL S,57,3
Kennewick,NISSAN,LEAF,47,4
Kennewick,CHEVROLET,VOLT,41,5
Kent,TESLA,MODEL Y,208,1
Kent,TESLA,MODEL 3,204,2
Kent,NISSAN,LEAF,120,3
Kent,TESLA,MODEL X,89,4
Kent,TESLA,MODEL S,87,5
Kettle Falls,TESLA,MODEL Y,8,1
Kettle Falls,TESLA,MODEL 3,4,2
Kettle Falls,CHEVROLET,BOLT EV,3,3
Kettle Falls,KIA,NIRO,3,4
Kettle Falls,CHEVROLET,VOLT,2,5
Keyport,NISSAN,LEAF,3,1
Keyport,HONDA,PROLOGUE,2,2
Keyport,TESLA,MODEL 3,2,3
Keyport,CHEVROLET,BOLT EV,1,4
Keyport,CHEVROLET,VOLT,1,5
Kingston,TESLA,MODEL Y,35,1
Kingston,NISSAN,LEAF,33,2
Kingston,TESLA,MODEL 3,32,3
Kingston,CHEVROLET,BOLT EV,14,4
Kingston,CHEVROLET,VOLT,13,5
Kirkland,TESLA,MODEL 3,221,1
Kirkland,TESLA,MODEL Y,214,2
Kirkland,TESLA,MODEL X,196,3
Kirkland,TESLA,MODEL S,185,4
Kirkland,NISSAN,LEAF,157,5
Kittitas,FORD,MUSTANG MACH-E,1,1
Kittitas,JEEP,WRANGLER,1,2
Kittitas,KIA,EV6,1,3
Kittitas,NISSAN,LEAF,1,4
Kittitas,TESLA,MODEL 3,1,5
Klickitat,MINI,COUNTRYMAN,1,1
Klickitat,TOYOTA,PRIUS PRIME,1,2
La Center,TESLA,MODEL Y,35,1
La Center,TESLA,MODEL 3,32,2
La Center,CHEVROLET,VOLT,16,3
La Center,TESLA,MODEL S,14,4
La Center,FORD,MUSTANG MACH-E,13,5
La Conner,TESLA,MODEL Y,16,1
La Conner,TESLA,MODEL 3,14,2
La Conner,FORD,MUSTANG MACH-E,8,3
La Conner,KIA,NIRO,7,4
La Conner,CHEVROLET,VOLT,6,5
Lacey,TESLA,MODEL Y,130,1
Lacey,TESLA,MODEL 3,124,2
Lacey,NISSAN,LEAF,62,3
Lacey,KIA,NIRO,50,4
Lacey,JEEP,WRANGLER,35,5
Lacrosse,TESLA,MODEL Y,1,1
Lake Forest Park,TESLA,MODEL 3,82,1
Lake Forest Park,TESLA,MODEL Y,81,2
Lake Forest Park,NISSAN,LEAF,66,3
Lake Forest Park,CHEVROLET,BOLT EV,29,4
Lake Forest Park,TESLA,MODEL S,28,5
Lake Stevens,TESLA,MODEL 3,163,1
Lake Stevens,TESLA,MODEL Y,158,2
Lake Stevens,NISSAN,LEAF,82,3
Lake Stevens,TESLA,MODEL S,59,4
Lake Stevens,FORD,MUSTANG MACH-E,52,5
Lake Tapps,TESLA,MODEL Y,86,1
Lake Tapps,TESLA,MODEL 3,64,2
Lake Tapps,TESLA,MODEL S,25,3
Lake Tapps,TESLA,MODEL X,20,4
Lake Tapps,FORD,MUSTANG MACH-E,11,5
Lakebay,TESLA,MODEL 3,18,1
Lakebay,TESLA,MODEL Y,16,2
Lakebay,CHEVROLET,VOLT,8,3
Lakebay,CHEVROLET,BOLT EV,7,4
Lakebay,NISSAN,LEAF,7,5
Lakeview,JEEP,GRAND CHEROKEE,1,1
Lakewood,TESLA,MODEL 3,108,1
Lakewood,TESLA,MODEL Y,96,2
Lakewood,NISSAN,LEAF,49,3
Lakewood,RIVIAN,EDV,38,4
Lakewood,CHEVROLET,BOLT EV,32,5
Lamont,TOYOTA,PRIUS PRIME,1,1
Langley,TESLA,MODEL Y,30,1
Langley,CHEVROLET,BOLT EV,29,2
Langley,TESLA,MODEL 3,22,3
Langley,NISSAN,LEAF,20,4
Langley,KIA,NIRO,14,5
Latah,TESLA,MODEL 3,2,1
Latah,TESLA,MODEL S,1,2
Leavenworth,TESLA,MODEL Y,45,1
Leavenworth,CHEVROLET,BOLT EV,32,2
Leavenworth,TESLA,MODEL 3,22,3
Leavenworth,NISSAN,LEAF,21,4
Leavenworth,RIVIAN,R1T,15,5
Lebam,FORD,F-150,1,1
Lebam,FORD,MUSTANG MACH-E,1,2
Lebam,HYUNDAI,IONIQ 5,1,3
Liberty Lake,TESLA,MODEL Y,53,1
Liberty Lake,TESLA,MODEL 3,43,2
Liberty Lake,FORD,MUSTANG MACH-E,15,3
Liberty Lake,KIA,EV6,12,4
Liberty Lake,TESLA,MODEL S,12,5
Lilliwaup,TESLA,MODEL Y,4,1
Lilliwaup,TESLA,MODEL S,3,2
Lilliwaup,FORD,F-150,2,3
Lilliwaup,AUDI,A8 E,1,4
Lilliwaup,BMW,I4,1,5
Lincoln,BMW,X5,1,1
Lincoln,FORD,FUSION,1,2
Lincoln,SUBARU,SOLTERRA,1,3
Lincoln,TESLA,MODEL 3,1,4
Lind,TESLA,MODEL Y,2,1
Lind,RIVIAN,R1T,1,2
Long Beach,TESLA,MODEL Y,6,1
Long Beach,TOYOTA,PRIUS PRIME,6,2
Long Beach,KIA,NIRO,5,3
Long Beach,CHEVROLET,BOLT EV,4,4
Long Beach,FORD,F-150,4,5
Longbranch,TESLA,MODEL 3,5,1
Longbranch,TESLA,MODEL Y,4,2
Longbranch,CHEVROLET,VOLT,3,3
Longbranch,KIA,NIRO,3,4
Longbranch,CHEVROLET,BOLT EV,2,5
Longview,TESLA,MODEL 3,54,1
Longview,TESLA,MODEL Y,50,2
Longview,NISSAN,LEAF,23,3
Longview,CHEVROLET,VOLT,22,4
Longview,TESLA,MODEL S,16,5
Loon Lake,CHEVROLET,BOLT EV,3,1
Loon Lake,TESLA,MODEL Y,3,2
Loon Lake,JEEP,WRANGLER,2,3
Loon Lake,TESLA,MODEL S,2,4
Loon Lake,TOYOTA,PRIUS PRIME,2,5
Lopez Is,NISSAN,LEAF,1,1
Lopez Is,TOYOTA,PRIUS PRIME,1,2
Lopez Island,NISSAN,LEAF,27,1
Lopez Island,TESLA,MODEL 3,11,2
Lopez Island,CHEVROLET,BOLT EV,10,3
Lopez Island,TESLA,MODEL Y,10,4
Lopez Island,HYUNDAI,IONIQ 5,7,5
Lummi Island,TESLA,MODEL 3,6,1
Lummi Island,TESLA,MODEL Y,5,2
Lummi Island,CHEVROLET,BOLT EV,4,3
Lummi Island,TOYOTA,PRIUS PRIME,4,4
Lummi Island,FORD,C-MAX,3,5
Lyle,HYUNDAI,IONIQ 5,3,1
Lyle,CHEVROLET,VOLT,2,2
Lyle,SUBARU,SOLTERRA,2,3
Lyle,TOYOTA,RAV4 PRIME,2,4
Lyle,BMW,X5,1,5
Lyman,CHEVROLET,BLAZER,1,1
Lyman,CHEVROLET,BOLT EV,1,2
Lyman,CHEVROLET,VOLT,1,3
Lynden,TESLA,MODEL Y,57,1
Lynden,TESLA,MODEL 3,44,2
Lynden,CHEVROLET,VOLT,15,3
Lynden,JEEP,WRANGLER,15,4
Lynden,NISSAN,LEAF,14,5
Lynnwood,TESLA,MODEL Y,214,1
Lynnwood,TESLA,MODEL 3,203,2
Lynnwood,NISSAN,LEAF,123,3
Lynnwood,TESLA,MODEL X,88,4
Lynnwood,TESLA,MODEL S,79,5
Mabton,TESLA,MODEL 3,3,1
Mabton,FORD,MUSTANG MACH-E,2,2
Mabton,CHEVROLET,BOLT EUV,1,3
Mabton,CHEVROLET,BOLT EV,1,4
Mabton,CHRYSLER,PACIFICA,1,5
Malaga,NISSAN,LEAF,5,1
Malaga,TESLA,MODEL Y,4,2
Malaga,CHEVROLET,BOLT EV,3,3
Malaga,TESLA,MODEL 3,3,4
Malaga,TESLA,MODEL S,3,5
Malden,MITSUBISHI,OUTLANDER,1,1
Malott,FORD,MUSTANG MACH-E,1,1
Mansfield,CHEVROLET,EQUINOX,1,1
Mansfield,DODGE,HORNET,1,2
Mansfield,FORD,F-150,1,3
Mansfield,NISSAN,LEAF,1,4
Mansfield,TESLA,MODEL Y,1,5
Manson,TESLA,MODEL Y,22,1
Manson,TESLA,MODEL 3,15,2
Manson,TESLA,MODEL S,6,3
Manson,NISSAN,LEAF,5,4
Manson,RIVIAN,R1T,4,5
Maple Falls,TESLA,MODEL 3,7,1
Maple Falls,CHEVROLET,VOLT,6,2
Maple Falls,NISSAN,LEAF,6,3
Maple Falls,TESLA,MODEL Y,5,4
Maple Falls,CHEVROLET,BOLT EV,4,5
Maple Valley,TESLA,MODEL Y,159,1
Maple Valley,TESLA,MODEL 3,146,2
Maple Valley,NISSAN,LEAF,73,3
Maple Valley,TESLA,MODEL S,65,4
Maple Valley,FORD,MUSTANG MACH-E,54,5
Marblemount,TOYOTA,RAV4 PRIME,1,1
Marlin,TESLA,MODEL Y,2,1
Marlin,JEEP,WRANGLER,1,2
Marlin,TESLA,CYBERTRUCK,1,3
Martha Lake,TESLA,MODEL Y,1,1
Maryhill,TOYOTA,RAV4 PRIME,1,1
Marysville,TESLA,MODEL Y,169,1
Marysville,TESLA,MODEL 3,159,2
Marysville,NISSAN,LEAF,76,3
Marysville,TESLA,MODEL S,53,4
Marysville,TESLA,MODEL X,48,5
Mattawa,TESLA,MODEL 3,8,1
Mattawa,TESLA,MODEL Y,5,2
Mattawa,TESLA,MODEL S,3,3
Mattawa,JEEP,WRANGLER,2,4
Mattawa,AUDI,E-TRON,1,5
Mazama,TESLA,MODEL 3,3,1
Mazama,CHEVROLET,BOLT EV,2,2
Mazama,CHEVROLET,EQUINOX,2,3
Mazama,FORD,F-150,2,4
Mazama,RIVIAN,R1T,2,5
McChord AFB,HYUNDAI,IONIQ,1,1
McCleary,CHEVROLET,BOLT EUV,1,1
Mccleary,TESLA,MODEL 3,12,1
Mccleary,TESLA,MODEL Y,10,2
Mccleary,CHEVROLET,BOLT EV,5,3
Mccleary,JEEP,WRANGLER,4,4
Mccleary,VOLKSWAGEN,ID.4,3,5
Mead,TESLA,MODEL Y,22,1
Mead,TESLA,MODEL 3,11,2
Mead,CHEVROLET,VOLT,7,3
Mead,KIA,EV6,6,4
Mead,SUBARU,SOLTERRA,6,5
Medical Lake,TESLA,MODEL Y,15,1
Medical Lake,TESLA,MODEL 3,9,2
Medical Lake,FORD,MUSTANG MACH-E,6,3
Medical Lake,CHEVROLET,VOLT,3,4
Medical Lake,FORD,C-MAX,3,5
Medina,TESLA,MODEL Y,59,1
Medina,TESLA,MODEL S,51,2
Medina,TESLA,MODEL 3,50,3
Medina,TESLA,MODEL X,41,4
Medina,RIVIAN,R1S,14,5
Menlo,TOYOTA,RAV4 PRIME,2,1
Menlo,CHEVROLET,BOLT EV,1,2
Menlo,CHEVROLET,VOLT,1,3
Menlo,FORD,F-150,1,4
Menlo,FORD,MUSTANG MACH-E,1,5
Mercer Island,TESLA,MODEL Y,171,1
Mercer Island,TESLA,MODEL 3,167,2
Mercer Island,TESLA,MODEL S,141,3
Mercer Island,TESLA,MODEL X,123,4
Mercer Island,NISSAN,LEAF,96,5
Mesa,FORD,MUSTANG MACH-E,2,1
Mesa,CHEVROLET,VOLT,1,2
Mesa,CHRYSLER,PACIFICA,1,3
Mesa,FORD,F-150,1,4
Mesa,SUBARU,SOLTERRA,1,5
Metaline,HYUNDAI,TUCSON,1,1
Methow,CADILLAC,LYRIQ,1,1
Methow,CHEVROLET,EQUINOX,1,2
Methow,FORD,MUSTANG MACH-E,1,3
Methow,SUBARU,SOLTERRA,1,4
Methow,TESLA,MODEL Y,1,5
Mica,TESLA,MODEL S,3,1
Mica,FORD,F-150,1,2
Mica,TESLA,MODEL 3,1,3
Mill Creek,TESLA,MODEL Y,117,1
Mill Creek,TESLA,MODEL 3,110,2
Mill Creek,NISSAN,LEAF,43,3
Mill Creek,TESLA,MODEL X,29,4
Mill Creek,TESLA,MODEL S,27,5
Milton,TESLA,MODEL Y,38,1
Milton,TESLA,MODEL 3,33,2
Milton,CHEVROLET,VOLT,7,3
Milton,NISSAN,LEAF,7,4
Milton,KIA,NIRO,4,5
Mineral,CHEVROLET,BOLT EV,2,1
Mineral,CHRYSLER,PACIFICA,2,2
Mineral,FORD,MUSTANG MACH-E,2,3
Mineral,TESLA,MODEL 3,2,4
Mineral,TESLA,MODEL Y,2,5
Moclips,BMW,I3,2,1
Moclips,MITSUBISHI,OUTLANDER,1,2
Moclips,NISSAN,LEAF,1,3
Moclips,TESLA,MODEL S,1,4
Moclips,TOYOTA,PRIUS PRIME,1,5
Monitor,RIVIAN,R1S,1,1
Monitor,TESLA,MODEL Y,1,2
Monroe,TESLA,MODEL Y,125,1
Monroe,TESLA,MODEL 3,101,2
Monroe,NISSAN,LEAF,38,3
Monroe,TESLA,MODEL X,31,4
Monroe,CHEVROLET,BOLT EV,30,5
Montesano,TESLA,MODEL 3,14,1
Montesano,TESLA,MODEL Y,9,2
Montesano,CHEVROLET,BOLT EUV,8,3
Montesano,JEEP,WRANGLER,8,4
Montesano,VOLKSWAGEN,ID.4,8,5
Morton,TESLA,MODEL Y,5,1
Morton,TESLA,MODEL 3,3,2
Morton,CHEVROLET,BOLT EUV,2,3
Morton,TOYOTA,PRIUS PRIME,2,4
Morton,AUDI,E-TRON SPORTBACK,1,5
Moses Lake,TESLA,MODEL Y,67,1
Moses Lake,TESLA,MODEL 3,66,2
Moses Lake,TESLA,MODEL S,20,3
Moses Lake,CHEVROLET,VOLT,19,4
Moses Lake,FORD,F-150,19,5
Mossyrock,TESLA,MODEL S,5,1
Mossyrock,TESLA,MODEL Y,5,2
Mossyrock,TESLA,MODEL 3,4,3
Mossyrock,BMW,I3,2,4
Mossyrock,CHEVROLET,BOLT EV,2,5
Mount Vernon,TESLA,MODEL Y,95,1
Mount Vernon,TESLA,MODEL 3,84,2
Mount Vernon,NISSAN,LEAF,51,3
Mount Vernon,CHEVROLET,BOLT EV,37,4
Mount Vernon,TESLA,MODEL S,36,5
Mountlake Terrace,TESLA,MODEL 3,84,1
Mountlake Terrace,TESLA,MODEL Y,76,2
Mountlake Terrace,NISSAN,LEAF,49,3
Mountlake Terrace,FORD,MUSTANG MACH-E,19,4
Mountlake Terrace,CHEVROLET,BOLT EV,17,5
Moxee,TESLA,MODEL 3,10,1
Moxee,TESLA,MODEL Y,6,2
Moxee,NISSAN,LEAF,3,3
Moxee,CHEVROLET,VOLT,2,4
Moxee,FORD,MUSTANG MACH-E,2,5
Mukilteo,TESLA,MODEL Y,110,1
Mukilteo,TESLA,MODEL 3,105,2
Mukilteo,NISSAN,LEAF,42,3
Mukilteo,TESLA,MODEL S,39,4
Mukilteo,VOLKSWAGEN,ID.4,29,5
Murdock,FORD,C-MAX,1,1
Murdock,FORD,F-150,1,2
Murdock,JEEP,WRANGLER,1,3
Murdock,RIVIAN,R1S,1,4
Murdock,TESLA,MODEL Y,1,5
Naches,TESLA,MODEL 3,9,1
Naches,TESLA,MODEL Y,6,2
Naches,TOYOTA,PRIUS PRIME,3,3
Naches,JEEP,WRANGLER,2,4
Naches,TESLA,MODEL S,2,5
Nahcotta,CHEVROLET,BOLT EV,1,1
Nahcotta,CHRYSLER,PACIFICA,1,2
Nahcotta,POLESTAR,PS2,1,3
Nahcotta,VOLKSWAGEN,ID.4,1,4
Nahcotta,VOLVO,S60,1,5
Napavine,CHEVROLET,VOLT,2,1
Napavine,TESLA,MODEL Y,2,2
Napavine,JEEP,WRANGLER,1,3
Napavine,KIA,NIRO,1,4
Napavine,TESLA,MODEL 3,1,5
Naselle,TESLA,MODEL Y,4,1
Naselle,TOYOTA,RAV4 PRIME,4,2
Naselle,CHRYSLER,PACIFICA,2,3
Naselle,TESLA,MODEL 3,2,4
Naselle,TOYOTA,PRIUS PRIME,2,5
Neah Bay,FORD,MUSTANG MACH-E,2,1
Neah Bay,TESLA,MODEL Y,2,2
Neah Bay,CHEVROLET,BOLT EUV,1,3
Neah Bay,CHEVROLET,VOLT,1,4
Neah Bay,CHRYSLER,PACIFICA,1,5
Nespelem,NISSAN,LEAF,1,1
Newcastle,TESLA,MODEL Y,139,1
Newcastle,TESLA,MODEL 3,126,2
Newcastle,TESLA,MODEL X,62,3
Newcastle,TESLA,MODEL S,48,4
Newcastle,NISSAN,LEAF,40,5
Newman Lake,TESLA,MODEL Y,9,1
Newman Lake,TESLA,MODEL 3,6,2
Newman Lake,JEEP,GRAND CHEROKEE,4,3
Newman Lake,CHEVROLET,VOLT,3,4
Newman Lake,KIA,EV6,3,5
Newport,TESLA,MODEL Y,12,1
Newport,TESLA,MODEL 3,5,2
Newport,FORD,MUSTANG MACH-E,4,3
Newport,NISSAN,LEAF,4,4
Newport,BMW,I3,2,5
Nine Mile Falls,TESLA,MODEL Y,24,1
Nine Mile Falls,TESLA,MODEL 3,14,2
Nine Mile Falls,TESLA,MODEL S,11,3
Nine Mile Falls,NISSAN,LEAF,10,4
Nine Mile Falls,JEEP,WRANGLER,9,5
Nooksack,TESLA,MODEL 3,4,1
Nooksack,TESLA,MODEL Y,3,2
Nooksack,NISSAN,LEAF,2,3
Nooksack,CHEVROLET,BOLT EV,1,4
Nooksack,FORD,F-150,1,5
Nordland,NISSAN,LEAF,9,1
Nordland,TESLA,MODEL Y,8,2
Nordland,TESLA,MODEL S,7,3
Nordland,TESLA,MODEL 3,6,4
Nordland,CHEVROLET,VOLT,3,5
Normandy Park,TESLA,MODEL 3,44,1
Normandy Park,TESLA,MODEL Y,44,2
Normandy Park,NISSAN,LEAF,20,3
Normandy Park,CHEVROLET,BOLT EV,16,4
Normandy Park,TESLA,MODEL S,15,5
North Bend,TESLA,MODEL Y,110,1
North Bend,TESLA,MODEL 3,87,2
North Bend,CHEVROLET,BOLT EV,28,3
North Bend,VOLKSWAGEN,ID.4,27,4
North Bend,FORD,MUSTANG MACH-E,26,5
North Bonneville,TESLA,MODEL 3,3,1
North Bonneville,TESLA,MODEL Y,3,2
North Bonneville,BMW,I4,1,3
North Bonneville,BMW,X5,1,4
North Bonneville,CHEVROLET,BOLT EV,1,5
North Cove,TESLA,MODEL Y,4,1
North Cove,CHEVROLET,VOLT,1,2
North Cove,JEEP,WRANGLER,1,3
North Cove,KIA,NIRO,1,4
North Cove,LEXUS,NX,1,5
Northport,HYUNDAI,IONIQ 5,1,1
Northwestern Lake,HONDA,PROLOGUE,1,1
Oak Harbor,TESLA,MODEL Y,77,1
Oak Harbor,TESLA,MODEL 3,73,2
Oak Harbor,NISSAN,LEAF,31,3
Oak Harbor,CHEVROLET,VOLT,26,4
Oak Harbor,TOYOTA,PRIUS PRIME,23,5
Oakesdale,JEEP,GRAND CHEROKEE,1,1
Oakesdale,KIA,EV6,1,2
Oakesdale,TESLA,MODEL Y,1,3
Oakville,TESLA,MODEL 3,5,1
Oakville,FORD,FUSION,3,2
Oakville,CHEVROLET,BLAZER,2,3
Oakville,CHRYSLER,PACIFICA,2,4
Oakville,TESLA,MODEL S,2,5
Ocean Park,NISSAN,LEAF,4,1
Ocean Park,TESLA,MODEL S,4,2
Ocean Park,TESLA,MODEL Y,4,3
Ocean Park,CHEVROLET,BOLT EV,3,4
Ocean Park,JEEP,WRANGLER,3,5
Ocean Shores,TESLA,MODEL Y,24,1
Ocean Shores,TESLA,MODEL 3,17,2
Ocean Shores,JEEP,WRANGLER,14,3
Ocean Shores,CHEVROLET,VOLT,9,4
Ocean Shores,FORD,MUSTANG MACH-E,9,5
Odessa,JEEP,GRAND CHEROKEE,2,1
Odessa,TESLA,MODEL 3,2,2
Odessa,BMW,X5,1,3
Odessa,CHEVROLET,BOLT EUV,1,4
Odessa,CHEVROLET,VOLT,1,5
Okanogan,CHEVROLET,BLAZER,1,1
Okanogan,CHEVROLET,VOLT,1,2
Okanogan,CHRYSLER,PACIFICA,1,3
Okanogan,FORD,F-150,1,4
Okanogan,HYUNDAI,IONIQ 5,1,5
Olalla,TESLA,MODEL 3,22,1
Olalla,TESLA,MODEL Y,20,2
Olalla,HYUNDAI,IONIQ 5,10,3
Olalla,NISSAN,LEAF,8,4
Olalla,CHEVROLET,VOLT,7,5
Olga,NISSAN,LEAF,11,1
Olga,CHEVROLET,BOLT EV,4,2
Olga,TESLA,MODEL Y,4,3
Olga,TOYOTA,RAV4 PRIME,3,4
Olga,VOLVO,XC60,3,5
Olympia,TESLA,MODEL 3,201,1
Olympia,NISSAN,LEAF,192,2
Olympia,TESLA,MODEL Y,182,3
Olympia,VOLKSWAGEN,ID.4,132,4
Olympia,CHEVROLET,BOLT EV,131,5
Omak,CHRYSLER,PACIFICA,3,1
Omak,JEEP,WRANGLER,3,2
Omak,FORD,ESCAPE,2,3
Omak,BMW,X5,1,4
Omak,CHEVROLET,BLAZER,1,5
Onalaska,NISSAN,LEAF,6,1
Onalaska,TESLA,MODEL 3,6,2
Onalaska,TOYOTA,PRIUS PRIME,4,3
Onalaska,CHEVROLET,VOLT,3,4
Onalaska,JEEP,WRANGLER,3,5
Orcas,CHEVROLET,VOLT,1,1
Orcas,FORD,TRANSIT,1,2
Orcas,HYUNDAI,IONIQ,1,3
Orcas,PORSCHE,MACAN,1,4
Orcas Is,NISSAN,LEAF,2,1
Orcas Is,CHEVROLET,BOLT EV,1,2
Orcas Is,CHEVROLET,VOLT,1,3
Orcas Is,FORD,F-150,1,4
Orcas Is,HYUNDAI,IONIQ 5,1,5
Orient,TESLA,CYBERTRUCK,1,1
Orondo,TESLA,MODEL 3,13,1
Orondo,TESLA,MODEL Y,11,2
Orondo,TESLA,MODEL X,5,3
Orondo,FORD,MUSTANG MACH-E,3,4
Orondo,TESLA,MODEL S,3,5
Oroville,TESLA,MODEL 3,5,1
Oroville,FORD,MUSTANG MACH-E,2,2
Oroville,TESLA,MODEL Y,2,3
Oroville,CADILLAC,LYRIQ,1,4
Oroville,CHEVROLET,BLAZER,1,5
Orting,TESLA,MODEL Y,37,1
Orting,TESLA,MODEL 3,33,2
Orting,FORD,MUSTANG MACH-E,15,3
Orting,CHEVROLET,BOLT EV,10,4
Orting,CHEVROLET,VOLT,7,5
Othello,TESLA,MODEL 3,22,1
Othello,TESLA,MODEL Y,8,2
Othello,TESLA,MODEL S,4,3
Othello,CADILLAC,LYRIQ,3,4
Othello,FORD,FUSION,3,5
Otis Orchards,TESLA,MODEL Y,9,1
Otis Orchards,CHEVROLET,VOLT,5,2
Otis Orchards,NISSAN,LEAF,5,3
Otis Orchards,TESLA,MODEL 3,5,4
Otis Orchards,TESLA,MODEL S,5,5
Outlook,TESLA,MODEL Y,5,1
Outlook,BMW,I8,1,2
Outlook,CHEVROLET,BOLT EV,1,3
Outlook,CHRYSLER,PACIFICA,1,4
Outlook,JEEP,WRANGLER,1,5
Oysterville,FORD,MUSTANG MACH-E,2,1
Oysterville,TOYOTA,PRIUS PRIME,2,2
Oysterville,CHEVROLET,BOLT EV,1,3
Oysterville,TESLA,MODEL Y,1,4
Pacific,TESLA,MODEL 3,19,1
Pacific,TESLA,MODEL Y,18,2
Pacific,CHEVROLET,VOLT,5,3
Pacific,CHRYSLER,PACIFICA,5,4
Pacific,NISSAN,LEAF,5,5
Pacific Beach,HYUNDAI,IONIQ 5,3,1
Pacific Beach,TESLA,MODEL 3,3,2
Pacific Beach,TESLA,MODEL S,3,3
Pacific Beach,TESLA,MODEL Y,3,4
Pacific Beach,TOYOTA,PRIUS PRIME,2,5
Packwood,TESLA,MODEL Y,8,1
Packwood,JEEP,WRANGLER,3,2
Packwood,TESLA,MODEL 3,3,3
Packwood,CHEVROLET,BOLT EV,2,4
Packwood,MAZDA,CX-90,2,5
Palisades,NISSAN,LEAF,2,1
Palisades,RIVIAN,R1T,1,2
Palisades,TESLA,MODEL Y,1,3
Palouse,CHEVROLET,BOLT EUV,4,1
Palouse,TESLA,MODEL 3,2,2
Palouse,TESLA,MODEL Y,2,3
Palouse,TOYOTA,PRIUS PRIME,2,4
Palouse,TOYOTA,RAV4 PRIME,2,5
Parker,JEEP,WRANGLER,1,1
Parker,TESLA,MODEL Y,1,2
Parkland,TESLA,MODEL 3,22,1
Parkland,TESLA,MODEL Y,19,2
Parkland,FORD,MUSTANG MACH-E,9,3
Parkland,CHEVROLET,VOLT,8,4
Parkland,FORD,F-150,8,5
Pasc,TESLA,MODEL 3,1,1
Pasc,TOYOTA,BZ4X,1,2
Pasc,TOYOTA,RAV4 PRIME,1,3
Pasco,TESLA,MODEL 3,128,1
Pasco,TESLA,MODEL Y,106,2
Pasco,TESLA,MODEL S,36,3
Pasco,CHEVROLET,VOLT,31,4
Pasco,NISSAN,LEAF,31,5
Pateros,TESLA,MODEL Y,3,1
Pateros,NISSAN,LEAF,2,2
Pateros,CHEVROLET,VOLT,1,3
Pateros,HONDA,CLARITY,1,4
Pateros,JEEP,WRANGLER,1,5
Paterson,FORD,F-150,1,1
Pe Ell,TESLA,MODEL 3,2,1
Pe Ell,HONDA,PROLOGUE,1,2
Peshastin,TESLA,MODEL Y,8,1
Peshastin,FORD,F-150,3,2
Peshastin,NISSAN,LEAF,3,3
Peshastin,TESLA,MODEL 3,2,4
Peshastin,AUDI,Q5 E,1,5
Plymouth,CHEVROLET,VOLT,1,1
Point Roberts,TESLA,MODEL Y,12,1
Point Roberts,TESLA,MODEL 3,11,2
Point Roberts,NISSAN,LEAF,6,3
Point Roberts,TESLA,MODEL S,4,4
Point Roberts,TESLA,MODEL X,4,5
Pomeroy,FORD,C-MAX,2,1
Pomeroy,TOYOTA,RAV4 PRIME,1,2
Port Angeles,NISSAN,LEAF,59,1
Port Angeles,TESLA,MODEL 3,50,2
Port Angeles,TESLA,MODEL Y,45,3
Port Angeles,CHEVROLET,BOLT EV,34,4
Port Angeles,CHEVROLET,VOLT,32,5
Port Gamble,CHEVROLET,VOLT,1,1
Port Gamble,CHRYSLER,PACIFICA,1,2
Port Gamble,TESLA,MODEL 3,1,3
Port Hadlock,CHEVROLET,BOLT EV,7,1
Port Hadlock,TESLA,MODEL Y,6,2
Port Hadlock,FORD,MUSTANG MACH-E,5,3
Port Hadlock,TESLA,MODEL 3,5,4
Port Hadlock,NISSAN,LEAF,4,5
Port Ludlow,TESLA,MODEL Y,23,1
Port Ludlow,TESLA,MODEL 3,21,2
Port Ludlow,NISSAN,LEAF,18,3
Port Ludlow,VOLKSWAGEN,ID.4,11,4
Port Ludlow,CHEVROLET,BOLT EV,9,5
Port Orchard,TESLA,MODEL Y,130,1
Port Orchard,TESLA,MODEL 3,118,2
Port Orchard,NISSAN,LEAF,72,3
Port Orchard,CHEVROLET,BOLT EV,65,4
Port Orchard,FORD,MUSTANG MACH-E,53,5
Port Townsend,NISSAN,LEAF,85,1
Port Townsend,CHEVROLET,BOLT EV,67,2
Port Townsend,TESLA,MODEL 3,48,3
Port Townsend,TESLA,MODEL Y,36,4
Port Townsend,KIA,NIRO,28,5
Poulsbo,TESLA,MODEL Y,89,1
Poulsbo,TESLA,MODEL 3,82,2
Poulsbo,NISSAN,LEAF,78,3
Poulsbo,TESLA,MODEL S,30,4
Poulsbo,VOLKSWAGEN,ID.4,27,5
Pouslbo,TESLA,MODEL 3,3,1
Pouslbo,TESLA,MODEL Y,2,2
Pouslbo,VOLVO,XC90,1,3
Prescott,NISSAN,LEAF,1,1
Prescott,TESLA,MODEL Y,1,2
Preston,TESLA,MODEL Y,9,1
Preston,TESLA,MODEL 3,7,2
Preston,RIVIAN,R1S,3,3
Preston,BMW,X5,2,4
Preston,FORD,F-150,2,5
Pros,TESLA,MODEL Y,1,1
Prosser,TESLA,MODEL 3,17,1
Prosser,TESLA,MODEL Y,13,2
Prosser,FORD,MUSTANG MACH-E,9,3
Prosser,CHEVROLET,BOLT EV,5,4
Prosser,CHEVROLET,VOLT,4,5
Pullman,TESLA,MODEL Y,57,1
Pullman,TESLA,MODEL 3,41,2
Pullman,TOYOTA,RAV4 PRIME,18,3
Pullman,CHEVROLET,VOLT,17,4
Pullman,NISSAN,LEAF,16,5
Puyallup,TESLA,MODEL 3,164,1
Puyallup,TESLA,MODEL Y,162,2
Puyallup,NISSAN,LEAF,74,3
Puyallup,CHEVROLET,BOLT EV,45,4
Puyallup,FORD,MUSTANG MACH-E,45,5
Quilcene,NISSAN,LEAF,6,1
Quilcene,TESLA,MODEL 3,6,2
Quilcene,TESLA,MODEL Y,5,3
Quilcene,TESLA,MODEL S,4,4
Quilcene,HYUNDAI,IONIQ 5,3,5
Quinault,CHEVROLET,BOLT EV,1,1
Quinault,CHEVROLET,VOLT,1,2
Quinault,LINCOLN,CORSAIR,1,3
Quinault,RIVIAN,R1S,1,4
Quinault,TESLA,MODEL 3,1,5
Quincy,TESLA,MODEL Y,32,1
Quincy,TESLA,MODEL 3,28,2
Quincy,TESLA,MODEL S,8,3
Quincy,JEEP,GRAND CHEROKEE,6,4
Quincy,CHEVROLET,BOLT EV,4,5
Rainier,TESLA,MODEL Y,11,1
Rainier,JEEP,WRANGLER,8,2
Rainier,TESLA,MODEL 3,7,3
Rainier,VOLKSWAGEN,ID.4,6,4
Rainier,CHEVROLET,BOLT EV,5,5
Randle,TESLA,MODEL Y,2,1
Randle,CHEVROLET,VOLT,1,2
Randle,CHRYSLER,PACIFICA,1,3
Randle,FORD,FUSION,1,4
Randle,TESLA,MODEL S,1,5
Ravensdale,TESLA,MODEL 3,28,1
Ravensdale,TESLA,MODEL Y,20,2
Ravensdale,CHEVROLET,VOLT,4,3
Ravensdale,FORD,C-MAX,4,4
Ravensdale,FORD,MUSTANG MACH-E,4,5
Raymond,NISSAN,LEAF,5,1
Raymond,TESLA,MODEL 3,5,2
Raymond,KIA,EV6,3,3
Raymond,KIA,NIRO,3,4
Raymond,CHEVROLET,BOLT EV,2,5
Reardan,CHRYSLER,PACIFICA,2,1
Reardan,TESLA,MODEL Y,2,2
Reardan,CHEVROLET,BLAZER,1,3
Reardan,CHEVROLET,BOLT EV,1,4
Reardan,CHEVROLET,VOLT,1,5
Redmond,TESLA,MODEL 3,224,1
Redmond,TESLA,MODEL Y,223,2
Redmond,TESLA,MODEL X,220,3
Redmond,NISSAN,LEAF,202,4
Redmond,TESLA,MODEL S,165,5
Renton,TESLA,MODEL 3,218,1
Renton,TESLA,MODEL Y,212,2
Renton,NISSAN,LEAF,163,3
Renton,TESLA,MODEL X,150,4
Renton,TESLA,MODEL S,134,5
Republic,TESLA,MODEL 3,4,1
Republic,TESLA,MODEL S,2,2
Republic,TOYOTA,PRIUS PRIME,2,3
Republic,CHEVROLET,BLAZER,1,4
Republic,CHEVROLET,BOLT EV,1,5
Rice,TESLA,MODEL Y,3,1
Rice,CHEVROLET,BOLT EV,1,2
Rice,KIA,EV6,1,3
Rice,TOYOTA,PRIUS PRIME,1,4
Rice,TOYOTA,RAV4 PHEV,1,5
Rich,TESLA,MODEL Y,1,1
Richland,TESLA,MODEL 3,128,1
Richland,TESLA,MODEL Y,114,2
Richland,NISSAN,LEAF,45,3
Richland,FORD,MUSTANG MACH-E,39,4
Richland,CHEVROLET,VOLT,38,5
Ridgefield,TESLA,MODEL Y,126,1
Ridgefield,TESLA,MODEL 3,105,2
Ridgefield,NISSAN,LEAF,46,3
Ridgefield,TESLA,MODEL S,46,4
Ridgefield,TOYOTA,RAV4 PRIME,33,5
Ritzville,TESLA,MODEL Y,5,1
Ritzville,JEEP,WRANGLER,3,2
Ritzville,CHEVROLET,BOLT EV,2,3
Ritzville,FORD,F-150,2,4
Ritzville,TESLA,MODEL 3,2,5
Riverside,TESLA,MODEL Y,2,1
Riverside,FORD,FUSION,1,2
Riverside,JEEP,WRANGLER,1,3
Riverside,RIVIAN,R1T,1,4
Rochester,TESLA,MODEL 3,16,1
Rochester,TESLA,MODEL Y,14,2
Rochester,CHEVROLET,VOLT,12,3
Rochester,NISSAN,LEAF,11,4
Rochester,FORD,MUSTANG MACH-E,10,5
Rock Island,TESLA,MODEL Y,4,1
Rock Island,NISSAN,LEAF,3,2
Rock Island,TESLA,MODEL 3,3,3
Rock Island,CHEVROLET,VOLT,2,4
Rock Island,HONDA,PROLOGUE,2,5
Rockford,TESLA,MODEL 3,2,1
Rockford,BMW,I4,1,2
Rockford,SUBARU,SOLTERRA,1,3
Rockford,TESLA,MODEL S,1,4
Rockford,TESLA,MODEL X,1,5
Rockport,CHEVROLET,BOLT EV,1,1
Rockport,JEEP,WRANGLER,1,2
Ronald,TESLA,MODEL Y,11,1
Ronald,TESLA,MODEL 3,10,2
Ronald,TESLA,MODEL S,7,3
Ronald,AUDI,Q8,2,4
Ronald,JEEP,WRANGLER,2,5
Roosevelt,LINCOLN,CORSAIR,1,1
Rosalia,TESLA,MODEL Y,4,1
Rosalia,BMW,I3,2,2
Rosalia,FORD,F-150,2,3
Rosalia,TESLA,MODEL 3,2,4
Rosalia,CHEVROLET,VOLT,1,5
Rosburg,CHEVROLET,SILVERADO,1,1
Rosburg,HONDA,CLARITY,1,2
Rosburg,NISSAN,ARIYA,1,3
Rosburg,TESLA,MODEL 3,1,4
Roslyn,TESLA,MODEL Y,6,1
Roslyn,TESLA,MODEL 3,4,2
Roslyn,TESLA,MODEL S,3,3
Roslyn,TOYOTA,RAV4 PRIME,3,4
Roslyn,CHEVROLET,BOLT EV,2,5
Roy,TESLA,MODEL Y,26,1
Roy,TESLA,MODEL 3,23,2
Roy,NISSAN,LEAF,10,3
Roy,CHEVROLET,VOLT,9,4
Roy,KIA,EV6,8,5
Royal City,FORD,F-150,5,1
Royal City,FORD,MUSTANG MACH-E,4,2
Royal City,TESLA,MODEL Y,4,3
Royal City,TESLA,MODEL 3,3,4
Royal City,TESLA,MODEL X,2,5
Ruston,TESLA,MODEL Y,9,1
Ruston,TESLA,MODEL 3,3,2
Ruston,CHEVROLET,BOLT EUV,2,3
Ruston,CHRYSLER,PACIFICA,2,4
Ruston,KIA,NIRO,2,5
Ryderwood,CHEVROLET,VOLT,1,1
Ryderwood,HONDA,PROLOGUE,1,2
Ryderwood,NISSAN,ARIYA,1,3
Salkum,TESLA,MODEL Y,3,1
Salkum,FORD,F-150,2,2
Sammamish,TESLA,MODEL Y,224,1
Sammamish,TESLA,MODEL X,219,2
Sammamish,TESLA,MODEL 3,214,3
Sammamish,TESLA,MODEL S,170,4
Sammamish,NISSAN,LEAF,149,5
San Juan Is,TESLA,CYBERTRUCK,1,1
San Juan Is,TESLA,MODEL S,1,2
Seabeck,TESLA,MODEL 3,22,1
Seabeck,TESLA,MODEL Y,19,2
Seabeck,FORD,MUSTANG MACH-E,8,3
Seabeck,CHEVROLET,BOLT EV,4,4
Seabeck,CHEVROLET,VOLT,4,5
Seatac,TESLA,MODEL Y,114,1
Seatac,TESLA,MODEL 3,106,2
Seatac,JEEP,WRANGLER,67,3
Seatac,CHRYSLER,PACIFICA,48,4
Seatac,NISSAN,LEAF,31,5
Seattle,NISSAN,LEAF,334,1
Seattle,TESLA,MODEL S,327,2
Seattle,TESLA,MODEL X,306,3
Seattle,VOLVO,XC90,306,4
Seattle,KIA,NIRO,289,5
Seaview,TESLA,MODEL 3,2,1
Seaview,CHEVROLET,BOLT EV,1,2
Seaview,CHRYSLER,PACIFICA,1,3
Seaview,FORD,F-150,1,4
Seaview,FORD,MUSTANG MACH-E,1,5
Sedro Woolley,TESLA,MODEL Y,9,1
Sedro Woolley,TESLA,MODEL 3,8,2
Sedro Woolley,CHEVROLET,BOLT EV,6,3
Sedro Woolley,NISSAN,LEAF,6,4
Sedro Woolley,KIA,EV6,4,5
Sedro-Woolley,TESLA,MODEL 3,32,1
Sedro-Woolley,TESLA,MODEL Y,28,2
Sedro-Woolley,NISSAN,LEAF,19,3
Sedro-Woolley,CHEVROLET,BOLT EV,16,4
Sedro-Woolley,JEEP,WRANGLER,15,5
Sekiu,AUDI,A3,1,1
Sekiu,CHEVROLET,BOLT EV,1,2
Sekiu,JEEP,WRANGLER,1,3
Sekiu,NISSAN,LEAF,1,4
Sekiu,TESLA,MODEL 3,1,5
Selah,TESLA,MODEL 3,26,1
Selah,TESLA,MODEL Y,21,2
Selah,TESLA,MODEL S,12,3
Selah,CHEVROLET,VOLT,7,4
Selah,TOYOTA,RAV4 PRIME,7,5
Sequim,TESLA,MODEL 3,64,1
Sequim,TESLA,MODEL Y,56,2
Sequim,NISSAN,LEAF,51,3
Sequim,CHEVROLET,BOLT EV,37,4
Sequim,CHEVROLET,VOLT,33,5
Seven Bays,FORD,FUSION,1,1
Seven Bays,KIA,EV6,1,2
Seven Bays,RIVIAN,R1S,1,3
Seven Bays,TESLA,MODEL 3,1,4
Shaw Island,TESLA,MODEL Y,2,1
Shaw Island,AUDI,A3,1,2
Shaw Island,AUDI,E-TRON GT,1,3
Shaw Island,BMW,I3,1,4
Shaw Island,CHEVROLET,BOLT EV,1,5
Shelton,TESLA,MODEL 3,61,1
Shelton,TESLA,MODEL Y,60,2
Shelton,NISSAN,LEAF,33,3
Shelton,CHEVROLET,VOLT,30,4
Shelton,CHEVROLET,BOLT EV,23,5
Shoreline,TESLA,MODEL 3,172,1
Shoreline,TESLA,MODEL Y,163,2
Shoreline,NISSAN,LEAF,157,3
Shoreline,TESLA,MODEL S,65,4
Shoreline,CHEVROLET,BOLT EV,54,5
Silver Creek,TESLA,MODEL 3,4,1
Silver Creek,HONDA,PROLOGUE,2,2
Silver Creek,TESLA,MODEL Y,2,3
Silver Creek,FORD,C-MAX,1,4
Silver Creek,FORD,FUSION,1,5
Silver Lake,POLESTAR,PS2,1,1
Silverdale,TESLA,MODEL 3,77,1
Silverdale,TESLA,MODEL Y,57,2
Silverdale,NISSAN,LEAF,25,3
Silverdale,FORD,MUSTANG MACH-E,18,4
Silverdale,CHEVROLET,VOLT,14,5
Silverlake,TESLA,MODEL 3,6,1
Silverlake,TESLA,MODEL Y,6,2
Silverlake,TESLA,MODEL X,4,3
Silverlake,TESLA,MODEL S,3,4
Silverlake,CHEVROLET,BOLT EV,2,5
Skamokawa,TESLA,MODEL 3,3,1
Skamokawa,CHEVROLET,BOLT EV,2,2
Skamokawa,TESLA,MODEL Y,2,3
Skamokawa,RIVIAN,R1T,1,4
Skamokawa,TOYOTA,PRIUS PRIME,1,5
Skykomish,ACURA,ZDX,1,1
Skykomish,AUDI,E-TRON GT,1,2
Skykomish,CHEVROLET,SILVERADO,1,3
Skykomish,KIA,EV9,1,4
Skykomish,NISSAN,LEAF,1,5
Smith Creek,FORD,F-150,1,1
Snohomish,TESLA,MODEL 3,179,1
Snohomish,TESLA,MODEL Y,178,2
Snohomish,NISSAN,LEAF,115,3
Snohomish,TESLA,MODEL S,94,4
Snohomish,TESLA,MODEL X,76,5
Snoqualmie,TESLA,MODEL Y,142,1
Snoqualmie,TESLA,MODEL 3,125,2
Snoqualmie,FORD,MUSTANG MACH-E,35,3
Snoqualmie,RIVIAN,R1S,31,4
Snoqualmie,TESLA,MODEL S,31,5
Snoqualmie Pass,TESLA,MODEL Y,10,1
Snoqualmie Pass,TESLA,MODEL 3,4,2
Snoqualmie Pass,BMW,X5,3,3
Snoqualmie Pass,RIVIAN,R1T,2,4
Snoqualmie Pass,TESLA,MODEL X,2,5
Snowden,TOYOTA,RAV4 PRIME,5,1
Snowden,NISSAN,LEAF,2,2
Snowden,AUDI,Q5 E,1,3
Snowden,CADILLAC,ELR,1,4
Snowden,CHEVROLET,VOLT,1,5
Soap Lake,TESLA,MODEL Y,5,1
Soap Lake,CHEVROLET,VOLT,4,2
Soap Lake,TESLA,MODEL 3,3,3
Soap Lake,TOYOTA,PRIUS PHEV,3,4
Soap Lake,FORD,MUSTANG MACH-E,2,5
South Bend,TESLA,MODEL 3,2,1
South Bend,TESLA,MODEL Y,2,2
South Bend,CADILLAC,LYRIQ,1,3
South Bend,CHEVROLET,BLAZER,1,4
South Bend,CHEVROLET,EQUINOX,1,5
South Cle Elum,CHEVROLET,BOLT EV,1,1
South Cle Elum,CHEVROLET,VOLT,1,2
South Cle Elum,RIVIAN,R1S,1,3
South Cle Elum,TESLA,MODEL 3,1,4
South Cle Elum,TESLA,MODEL Y,1,5
South Hill,TESLA,MODEL Y,105,1
South Hill,TESLA,MODEL 3,102,2
South Hill,NISSAN,LEAF,29,3
South Hill,TESLA,MODEL X,23,4
South Hill,CHEVROLET,BOLT EV,22,5
South Prairie,BMW,X5,1,1
South Prairie,CHRYSLER,PACIFICA,1,2
South Prairie,HYUNDAI,KONA,1,3
South Prairie,TESLA,MODEL S,1,4
South Prairie,TESLA,MODEL Y,1,5
Spanaway,TESLA,MODEL 3,87,1
Spanaway,TESLA,MODEL Y,81,2
Spanaway,NISSAN,LEAF,31,3
Spanaway,FORD,MUSTANG MACH-E,23,4
Spanaway,CHEVROLET,VOLT,20,5
Spangle,TESLA,MODEL 3,3,1
Spangle,TESLA,MODEL Y,3,2
Spangle,CHEVROLET,VOLT,2,3
Spangle,HONDA,CLARITY,2,4
Spangle,MITSUBISHI,OUTLANDER,2,5
Spokane,TESLA,MODEL Y,174,1
Spokane,TESLA,MODEL 3,168,2
Spokane,NISSAN,LEAF,123,3
Spokane,CHEVROLET,VOLT,108,4
Spokane,TESLA,MODEL S,101,5
Spokane Valley,TESLA,MODEL Y,100,1
Spokane Valley,TESLA,MODEL 3,96,2
Spokane Valley,CHRYSLER,PACIFICA,49,3
Spokane Valley,NISSAN,LEAF,43,4
Spokane Valley,JEEP,WRANGLER,30,5
Sprague,CHEVROLET,VOLT,2,1
Sprague,DODGE,HORNET,1,2
Sprague,KIA,NIRO,1,3
Springdale,CHEVROLET,BOLT EV,1,1
Springdale,CHEVROLET,VOLT,1,2
Springdale,TESLA,MODEL X,1,3
St John,TESLA,MODEL 3,1,1
St John,TESLA,MODEL Y,1,2
Stanwood,TESLA,MODEL Y,85,1
Stanwood,TESLA,MODEL 3,78,2
Stanwood,TESLA,MODEL S,35,3
Stanwood,NISSAN,LEAF,29,4
Stanwood,TESLA,MODEL X,21,5
Startup,TESLA,MODEL Y,1,1
Steilacoom,TESLA,MODEL Y,37,1
Steilacoom,TESLA,MODEL 3,22,2
Steilacoom,TOYOTA,RAV4 PRIME,14,3
Steilacoom,NISSAN,LEAF,12,4
Steilacoom,TESLA,MODEL S,12,5
Stevenson,TESLA,MODEL Y,13,1
Stevenson,TESLA,MODEL 3,8,2
Stevenson,CHEVROLET,BOLT EV,5,3
Stevenson,FORD,F-150,3,4
Stevenson,FORD,MUSTANG MACH-E,3,5
Stratford,LUCID,AIR,1,1
Sultan,TESLA,MODEL Y,51,1
Sultan,TESLA,MODEL 3,39,2
Sultan,CHEVROLET,BOLT EV,16,3
Sultan,FORD,MUSTANG MACH-E,16,4
Sultan,NISSAN,ARIYA,11,5
Sumas,CHRYSLER,PACIFICA,2,1
Sumas,HYUNDAI,KONA,2,2
Sumas,JEEP,WRANGLER,2,3
Sumas,TESLA,CYBERTRUCK,2,4
Sumas,TESLA,MODEL Y,2,5
Sumner,TESLA,MODEL Y,29,1
Sumner,TESLA,MODEL 3,26,2
Sumner,RIVIAN,EDV,23,3
Sumner,NISSAN,LEAF,11,4
Sumner,FORD,MUSTANG MACH-E,6,5
Sunnyside,TESLA,MODEL Y,20,1
Sunnyside,TESLA,MODEL 3,19,2
Sunnyside,JEEP,WRANGLER,6,3
Sunnyside,NISSAN,LEAF,6,4
Sunnyside,TESLA,MODEL S,5,5
Suquamish,NISSAN,LEAF,11,1
Suquamish,TESLA,MODEL 3,10,2
Suquamish,CHEVROLET,BOLT EV,7,3
Suquamish,KIA,NIRO,6,4
Suquamish,TESLA,MODEL Y,5,5
Surfside,TESLA,MODEL 3,5,1
Surfside,TOYOTA,RAV4 PRIME,4,2
Surfside,TOYOTA,PRIUS PRIME,3,3
Surfside,KIA,SPORTAGE,2,4
Surfside,TESLA,MODEL S,2,5
Tacoma,TESLA,MODEL 3,208,1
Tacoma,TESLA,MODEL Y,197,2
Tacoma,NISSAN,LEAF,189,3
Tacoma,FORD,MUSTANG MACH-E,115,4
Tacoma,CHEVROLET,VOLT,114,5
Taholah,CHRYSLER,PACIFICA,2,1
Taholah,FORD,FUSION,1,2
Taholah,HYUNDAI,IONIQ,1,3
Taholah,JEEP,WRANGLER,1,4
Taholah,KIA,SOUL,1,5
Tahuya,FORD,F-150,6,1
Tahuya,TESLA,MODEL 3,6,2
Tahuya,TESLA,MODEL Y,6,3
Tahuya,NISSAN,LEAF,3,4
Tahuya,KIA,EV6,2,5
Tekoa,TESLA,MODEL Y,2,1
Tekoa,FORD,FUSION,1,2
Tekoa,SUBARU,SOLTERRA,1,3
Tenino,TESLA,MODEL 3,14,1
Tenino,TESLA,MODEL Y,13,2
Tenino,CHEVROLET,VOLT,12,3
Tenino,NISSAN,LEAF,10,4
Tenino,CHEVROLET,BOLT EV,6,5
Thorp,TESLA,MODEL Y,2,1
Thorp,BMW,X5,1,2
Thorp,CHRYSLER,PACIFICA,1,3
Thorp,FORD,F-150,1,4
Thorp,KIA,SORENTO,1,5
Tieton,TESLA,MODEL 3,6,1
Tieton,TESLA,MODEL Y,3,2
Tieton,CHEVROLET,BOLT EUV,1,3
Tieton,FORD,F-150,1,4
Tieton,FORD,MUSTANG MACH-E,1,5
Tokeland,JEEP,WRANGLER,1,1
Tokeland,KIA,SORENTO,1,2
Tokeland,VOLVO,XC60,1,3
Toledo,TESLA,MODEL 3,7,1
Toledo,NISSAN,LEAF,5,2
Toledo,TESLA,MODEL S,4,3
Toledo,TESLA,MODEL Y,4,4
Toledo,TOYOTA,PRIUS PRIME,4,5
Tonasket,TOYOTA,RAV4 PRIME,4,1
Tonasket,CHEVROLET,VOLT,3,2
Tonasket,TESLA,MODEL 3,3,3
Tonasket,TESLA,MODEL Y,3,4
Tonasket,CHRYSLER,PACIFICA,2,5
Toppenish,TESLA,MODEL 3,9,1
Toppenish,TESLA,MODEL S,4,2
Toppenish,TESLA,MODEL Y,4,3
Toppenish,VOLKSWAGEN,ID.4,2,4
Toppenish,AUDI,Q8,1,5
Touchet,TESLA,MODEL 3,5,1
Touchet,TESLA,MODEL X,2,2
Touchet,FORD,FUSION,1,3
Touchet,HONDA,CLARITY,1,4
Touchet,KIA,SOUL,1,5
Toutle,TESLA,MODEL 3,2,1
Toutle,TESLA,MODEL Y,2,2
Toutle,CHEVROLET,BOLT EUV,1,3
Toutle,FORD,FUSION,1,4
Toutle,KIA,EV9,1,5
Trout Lake,TESLA,MODEL Y,10,1
Trout Lake,CHEVROLET,BOLT EV,5,2
Trout Lake,TOYOTA,RAV4 PRIME,5,3
Trout Lake,FORD,MUSTANG MACH-E,3,4
Trout Lake,TESLA,MODEL 3,2,5
Tukwila,TESLA,MODEL Y,96,1
Tukwila,TESLA,MODEL 3,89,2
Tukwila,JEEP,WRANGLER,57,3
Tukwila,RIVIAN,EDV,37,4
Tukwila,MITSUBISHI,OUTLANDER,32,5
Tulalip,AUDI,Q5 E,1,1
Tulalip,FISKER,OCEAN,1,2
Tulalip,NISSAN,LEAF,1,3
Tulalip,RIVIAN,R1S,1,4
Tulalip,TESLA,MODEL Y,1,5
Tumtum,FORD,MUSTANG MACH-E,1,1
Tumwater,TESLA,MODEL Y,75,1
Tumwater,TESLA,MODEL 3,74,2
Tumwater,NISSAN,LEAF,65,3
Tumwater,CHEVROLET,BOLT EV,52,4
Tumwater,CHEVROLET,VOLT,44,5
Twisp,TESLA,MODEL Y,12,1
Twisp,CHEVROLET,BOLT EV,6,2
Twisp,TESLA,MODEL 3,5,3
Twisp,RIVIAN,R1S,4,4
Twisp,TOYOTA,PRIUS PRIME,4,5
Underwood,TESLA,MODEL Y,8,1
Underwood,TOYOTA,RAV4 PRIME,5,2
Underwood,CHRYSLER,PACIFICA,2,3
Underwood,FORD,F-150,2,4
Underwood,HYUNDAI,IONIQ 5,2,5
Union,TESLA,MODEL Y,12,1
Union,JEEP,WRANGLER,4,2
Union,CHRYSLER,PACIFICA,3,3
Union,RIVIAN,R1T,3,4
Union,TESLA,MODEL S,3,5
Union Gap,TESLA,MODEL 3,4,1
Union Gap,TESLA,MODEL Y,4,2
Union Gap,TOYOTA,PRIUS PRIME,2,3
Union Gap,CHEVROLET,BOLT EV,1,4
Union Gap,MERCEDES-BENZ,B-CLASS,1,5
Uniontown,JEEP,WRANGLER,2,1
Uniontown,SUBARU,SOLTERRA,2,2
Uniontown,FORD,MUSTANG MACH-E,1,3
Uniontown,JEEP,GRAND CHEROKEE,1,4
University Place,TESLA,MODEL Y,108,1
University Place,TESLA,MODEL 3,95,2
University Place,NISSAN,LEAF,55,3
University Place,TESLA,MODEL S,27,4
University Place,CHEVROLET,BOLT EV,26,5
Usk,FORD,F-150,1,1
Vader,CHEVROLET,VOLT,3,1
Vader,CHRYSLER,PACIFICA,2,2
Vader,CHEVROLET,BOLT EUV,1,3
Vader,CHEVROLET,BOLT EV,1,4
Vader,HONDA,PROLOGUE,1,5
Valley,TESLA,MODEL 3,2,1
Valley,TESLA,MODEL Y,2,2
Valley,TOYOTA,RAV4 PRIME,2,3
Valley,FIAT,"500",1,4
Valley,FORD,MUSTANG MACH-E,1,5
Valleyford,TESLA,MODEL Y,9,1
Valleyford,TESLA,MODEL 3,3,2
Valleyford,FORD,F-150,2,3
Valleyford,KIA,EV6,2,4
Valleyford,NISSAN,LEAF,2,5
Vancouver,TESLA,MODEL 3,228,1
Vancouver,TESLA,MODEL Y,220,2
Vancouver,NISSAN,LEAF,200,3
Vancouver,TESLA,MODEL S,171,4
Vancouver,CHEVROLET,VOLT,153,5
Vantage,CHEVROLET,BOLT EUV,1,1
Vantage,TESLA,MODEL 3,1,2
Vashon,NISSAN,LEAF,90,1
Vashon,TESLA,MODEL 3,53,2
Vashon,TESLA,MODEL Y,49,3
Vashon,CHEVROLET,BOLT EV,29,4
Vashon,BMW,I3,28,5
Vaughn,TESLA,MODEL 3,8,1
Vaughn,TESLA,MODEL Y,5,2
Vaughn,TOYOTA,PRIUS PRIME,3,3
Vaughn,FORD,F-150,2,4
Vaughn,NISSAN,LEAF,2,5
Veradale,TESLA,MODEL Y,14,1
Veradale,TESLA,MODEL 3,9,2
Veradale,TESLA,MODEL S,5,3
Veradale,TESLA,MODEL X,4,4
Veradale,BMW,X5,3,5
Wahkiacus,CHEVROLET,VOLT,1,1
Wahkiacus,JEEP,WRANGLER,1,2
Waitsburg,CHEVROLET,BOLT EUV,2,1
Waitsburg,CHEVROLET,BOLT EV,2,2
Waitsburg,AUDI,A3,1,3
Waitsburg,CHEVROLET,VOLT,1,4
Waitsburg,CHRYSLER,PACIFICA,1,5
Waldron,NISSAN,LEAF,3,1
Waldron,CHEVROLET,BOLT EV,1,2
Walla Walla,TESLA,MODEL 3,49,1
Walla Walla,TESLA,MODEL Y,45,2
Walla Walla,NISSAN,LEAF,30,3
Walla Walla,TOYOTA,RAV4 PRIME,26,4
Walla Walla,TESLA,MODEL S,20,5
Walla Walla Co,BMW,X5,1,1
Walla Walla Co,MITSUBISHI,OUTLANDER,1,2
Walla Walla Co,TESLA,MODEL Y,1,3
Wapato,TESLA,MODEL 3,15,1
Wapato,TESLA,MODEL Y,4,2
Wapato,TESLA,MODEL S,2,3
Wapato,BMW,X5,1,4
Wapato,CADILLAC,LYRIQ,1,5
Warden,TESLA,MODEL 3,5,1
Warden,FORD,F-150,2,2
Warden,BMW,X5,1,3
Warden,CHEVROLET,BOLT EV,1,4
Warden,CHEVROLET,SPARK,1,5
Washougal,TESLA,MODEL 3,89,1
Washougal,TESLA,MODEL Y,85,2
Washougal,TESLA,MODEL S,34,3
Washougal,CHEVROLET,VOLT,24,4
Washougal,JEEP,WRANGLER,24,5
Washtucna,NISSAN,LEAF,1,1
Washtucna,RIVIAN,R1T,1,2
Waterville,TESLA,MODEL 3,2,1
Waterville,BMW,I7,1,2
Waterville,CHEVROLET,BOLT EV,1,3
Waterville,SUBARU,SOLTERRA,1,4
Waterville,TESLA,MODEL S,1,5
Wellpinit,JEEP,WRANGLER,2,1
Wenatchee,TESLA,MODEL Y,76,1
Wenatchee,TESLA,MODEL 3,54,2
Wenatchee,NISSAN,LEAF,43,3
Wenatchee,CHEVROLET,BOLT EV,22,4
Wenatchee,FORD,MUSTANG MACH-E,19,5
West Richland,TESLA,MODEL 3,47,1
West Richland,TESLA,MODEL Y,43,2
West Richland,CHEVROLET,VOLT,17,3
West Richland,TESLA,MODEL S,16,4
West Richland,CHEVROLET,BOLT EV,15,5
Westport,TESLA,MODEL Y,6,1
Westport,TOYOTA,PRIUS PRIME,3,2
Westport,TESLA,MODEL S,2,3
Westport,TOYOTA,PRIUS PHEV,2,4
Westport,VOLKSWAGEN,ID.4,2,5
White Salmon,TESLA,MODEL Y,38,1
White Salmon,TESLA,MODEL 3,17,2
White Salmon,CHEVROLET,BOLT EV,12,3
White Salmon,TOYOTA,RAV4 PRIME,10,4
White Salmon,NISSAN,LEAF,9,5
White Swan,FORD,FUSION,1,1
Wilbur,JEEP,GRAND CHEROKEE,2,1
Wilbur,FORD,FUSION,1,2
Wilbur,LEXUS,NX,1,3
Wilbur,TESLA,MODEL 3,1,4
Wilbur,TOYOTA,RAV4 PRIME,1,5
Wilkeson,FORD,F-150,1,1
Wilkeson,MINI,COUNTRYMAN,1,2
Wilkeson,NISSAN,ARIYA,1,3
Wilkeson,TESLA,MODEL 3,1,4
Wilkeson,TESLA,MODEL Y,1,5
Willapa,BMW,I4,1,1
Willapa,JEEP,WRANGLER,1,2
Willapa,TESLA,MODEL Y,1,3
Willapa,TOYOTA,BZ4X,1,4
Winlock,TESLA,MODEL 3,15,1
Winlock,TESLA,MODEL Y,10,2
Winlock,CHEVROLET,BOLT EV,9,3
Winlock,JEEP,WRANGLER,8,4
Winlock,FORD,FUSION,5,5
Winthrop,TESLA,MODEL Y,27,1
Winthrop,TOYOTA,RAV4 PRIME,11,2
Winthrop,VOLKSWAGEN,ID.4,10,3
Winthrop,CHEVROLET,BOLT EV,9,4
Winthrop,FORD,F-150,6,5
Wishram,TESLA,MODEL 3,1,1
Woodinville,TESLA,MODEL Y,173,1
Woodinville,TESLA,MODEL 3,172,2
Woodinville,TESLA,MODEL X,113,3
Woodinville,TESLA,MODEL S,108,4
Woodinville,NISSAN,LEAF,105,5
Woodland,TESLA,MODEL Y,47,1
Woodland,TESLA,MODEL 3,38,2
Woodland,TESLA,MODEL S,13,3
Woodland,CHRYSLER,PACIFICA,9,4
Woodland,JEEP,WRANGLER,9,5
Woodway,TESLA,MODEL Y,19,1
Woodway,TESLA,MODEL 3,11,2
Woodway,RIVIAN,R1S,9,3
Woodway,TESLA,MODEL S,8,4
Woodway,BMW,X5,6,5
Wrch,TESLA,MODEL Y,2,1
Wrch,TESLA,MODEL 3,1,2
Yacolt,TESLA,MODEL Y,19,1
Yacolt,TESLA,MODEL 3,10,2
Yacolt,NISSAN,LEAF,5,3
Yacolt,FORD,MUSTANG MACH-E,4,4
Yacolt,KIA,EV6,3,5
Yakima,TESLA,MODEL 3,106,1
Yakima,TESLA,MODEL Y,105,2
Yakima,CHEVROLET,VOLT,39,3
Yakima,TESLA,MODEL S,32,4
Yakima,NISSAN,LEAF,31,5
Yarrow Point,TESLA,MODEL Y,30,1
Yarrow Point,TESLA,MODEL S,20,2
Yarrow Point,TESLA,MODEL 3,19,3
Yarrow Point,TESLA,MODEL X,14,4
Yarrow Point,BMW,X5,7,5
Yelm,TESLA,MODEL 3,58,1
Yelm,TESLA,MODEL Y,56,2
Yelm,NISSAN,LEAF,19,3
Yelm,JEEP,WRANGLER,17,4
Yelm,KIA,NIRO,15,5
Zillah,TESLA,MODEL Y,8,1
Zillah,TESLA,MODEL 3,6,2
Zillah,NISSAN,LEAF,4,3
Zillah,JEEP,WRANGLER,3,4
Zillah,KIA,EV6,3,5
