"state","city","make","ttl"
AE,"",BMW,1
AK,Eagle River,TESLA,1
AL,Madison,TESLA,1
AL,Montgomery,TESLA,1
AL,Pike Road,TOYOTA,1
AL,Prattville,JEEP,1
AL,Smiths Station,TESLA,1
AL,Talladega,JEEP,1
AL,Prattville,TOYOTA,1
AL,Prattville,VOLKSWAGEN,1
AR,Sherwood,RIVIAN,1
AZ,Apache Junction,CHRYSLER,1
AZ,Maricopa,TESLA,1
AZ,Peoria,TESLA,1
AZ,Phoenix,NISSAN,1
AZ,Scottsdale,MERCEDES-BENZ,1
AZ,Tempe,TESLA,1
AZ,Tucson,TESLA,1
AZ,Phoenix,TESLA,1
AZ,Scottsdale,TESLA,1
AZ,Tucson,VOLVO,1
AZ,Scottsdale,TESLA,1
BC,"",TESLA,1
BC,"",VOLVO,1
CA,Alameda,JEEP,1
CA,Aliso Viejo,HYUNDAI,1
CA,Arcadia,TESLA,1
CA,Arroyo Grande,TOYOTA,1
CA,Bay Point,CHEVROLET,1
CA,Beale Afb,TESLA,1
CA,Belvedere Tiburon,BMW,1
CA,Benicia,HYUNDAI,1
CA,Berkeley,TESLA,2
CA,Buena Park,FORD,1
CA,Camarillo,CHRYSLER,1
CA,Carlsbad,CHEVROLET,1
CA,Cathedral City,VOLKSWAGEN,1
CA,Chula Vista,TESLA,5
CA,Coronado,TESLA,1
CA,Cupertino,JEEP,1
CA,Danville,TESLA,1
CA,Dublin,TESLA,2
CA,Edwards,FORD,1
CA,El Cajon,TESLA,1
CA,El Monte,TESLA,1
CA,Encinitas,TESLA,1
CA,Folsom,RIVIAN,1
CA,Fort Irwin,TESLA,3
CA,Fremont,BMW,1
CA,Fresno,JEEP,1
CA,Gardena,FORD,1
CA,Hanford,TESLA,3
CA,Helendale,BMW,1
CA,Hidden Hills,VOLVO,1
CA,Huntington Beach,TESLA,1
CA,Irvine,TESLA,1
CA,La Mesa,CHRYSLER,1
CA,Ladera Ranch,TESLA,1
CA,Lafayette,TESLA,1
CA,Laguna Niguel,TESLA,1
CA,Lake Forest,TESLA,1
CA,Lakeside,CHRYSLER,1
CA,Lancaster,TESLA,1
CA,Lemoore,CHRYSLER,1
CA,Los Angeles,TESLA,2
CA,Marina,HYUNDAI,1
CA,Martinez,BMW,1
CA,Menifee,TESLA,1
CA,Midway City,GENESIS,1
CA,Mill Valley,FORD,1
CA,Monterey,TOYOTA,1
CA,Moorpark,VOLKSWAGEN,1
CA,Morgan Hill,TOYOTA,1
CA,Mountain View,TESLA,2
CA,Murrieta,TESLA,1
CA,National City,FORD,1
CA,Oceanside,CHRYSLER,1
CA,Pacific Grove,TOYOTA,1
CA,Pacific Palisades,TESLA,1
CA,Pacifica,TESLA,1
CA,Palo Alto,FORD,1
CA,Port Hueneme,CHRYSLER,2
CA,Rancho Cucamonga,TESLA,1
CA,Redwood City,TESLA,1
CA,Roseville,CHEVROLET,1
CA,Sacramento,TESLA,1
CA,San Diego,TESLA,3
CA,San Francisco,MITSUBISHI,1
CA,San Jose,TESLA,2
CA,San Rafael,KIA,1
CA,Santa Clara,MERCEDES-BENZ,1
CA,Santa Rosa,HONDA,1
CA,Seaside,JEEP,1
CA,Sunnyvale,TESLA,2
CA,Torrance,TESLA,1
CA,Trabuco Canyon,TESLA,1
CA,Travis Afb,TESLA,1
CA,Vacaville,TESLA,1
CA,Ventura,TESLA,1
CA,Walnut Creek,KIA,1
CA,Wildomar,TESLA,1
CA,Alameda,TESLA,1
CA,Chula Vista,TESLA,1
CA,Cupertino,TESLA,1
CA,Los Angeles,LAND ROVER,1
CA,Mill Valley,FORD,1
CA,Mountain View,TESLA,1
CA,Oceanside,TESLA,1
CA,Palo Alto,TESLA,1
CA,Riverside,FORD,1
CA,Roseville,TESLA,1
CA,San Diego,TESLA,4
CA,San Francisco,TESLA,1
CA,San Jose,BMW,1
CA,Seaside,RIVIAN,1
CA,Alameda,TESLA,1
CA,Los Angeles,TESLA,1
CA,Oceanside,TOYOTA,1
CA,Riverside,TESLA,1
CA,Roseville,TESLA,1
CA,San Diego,FORD,2
CA,San Jose,FORD,1
CA,Seaside,TESLA,1
CA,Los Angeles,TESLA,1
CA,San Diego,TESLA,2
CA,San Jose,NISSAN,1
CA,Seaside,TOYOTA,1
CA,San Diego,BMW,1
CA,San Diego,CHRYSLER,1
CA,San Diego,HYUNDAI,1
CA,San Diego,POLESTAR,1
CA,San Diego,TOYOTA,1
CA,San Diego,VOLKSWAGEN,1
CO,Aurora,TESLA,1
CO,Colorado Springs,TESLA,3
CO,Denver,FORD,1
CO,Englewood,BMW,1
CO,Monument,TESLA,1
CO,Parker,CHRYSLER,1
CO,Timnath,TESLA,1
CO,Windsor,TESLA,1
CO,Colorado Springs,VOLVO,2
CO,Englewood,BMW,1
CO,Colorado Springs,AUDI,1
CO,Colorado Springs,CHRYSLER,1
CO,Colorado Springs,FORD,1
CO,Colorado Springs,NISSAN,1
CO,Colorado Springs,RIVIAN,1
CO,Colorado Springs,SUBARU,1
CO,Colorado Springs,TESLA,1
CO,Colorado Springs,TESLA,1
CT,Gales Ferry,CHRYSLER,1
CT,Mystic,TESLA,1
CT,Newington,TESLA,1
CT,Norwich,HYUNDAI,1
CT,Old Lyme,CHEVROLET,1
CT,Waterford,TOYOTA,1
CT,Gales Ferry,TESLA,1
CT,Madison,CHRYSLER,1
CT,Norwich,VOLVO,1
CT,Madison,FORD,1
CT,Preston,CHRYSLER,1
DC,Washington,BMW,1
DC,Washington,FORD,1
DC,Washington,FORD,1
DC,Washington,NISSAN,1
DC,Washington,RIVIAN,1
DC,Washington,TESLA,1
DE,Dover,TOYOTA,1
FL,Boca Raton,TESLA,1
FL,Coral Gables,TESLA,1
FL,Hialeah,TESLA,1
FL,Jacksonville,JEEP,1
FL,Kissimmee,TESLA,1
FL,Maitland,TESLA,1
FL,Melbourne,RIVIAN,1
FL,Middleburg,TESLA,1
FL,Niceville,TOYOTA,1
FL,Orlando,JEEP,1
FL,Pensacola,KIA,1
FL,Sarasota,TESLA,1
FL,Tampa,CHEVROLET,1
FL,Winter Park,TESLA,1
FL,Jacksonville,MERCEDES-BENZ,1
FL,Orlando,TESLA,1
FL,Pensacola,TESLA,1
FL,Tampa,HONDA,1
FL,Jacksonville,RIVIAN,1
FL,Orlando,TESLA,1
FL,Tampa,TESLA,1
FL,Jacksonville,TESLA,1
FL,Tampa,TESLA,1
GA,Atlanta,RIVIAN,1
GA,Augusta,CHEVROLET,1
GA,Columbus,TOYOTA,1
GA,Conyers,VOLKSWAGEN,1
GA,Cumming,TESLA,1
GA,Decatur,NISSAN,1
GA,Fort Benning,TESLA,1
GA,Hinesville,FORD,1
GA,Marietta,BMW,1
GA,Saint Marys,HYUNDAI,1
GA,Suwanee,LEXUS,1
GA,Warner Robins,FORD,1
GA,Columbus,VOLVO,1
GA,Decatur,TESLA,1
GA,Evans,FORD,1
HI,Ewa Beach,JEEP,1
HI,Honolulu,JEEP,1
HI,Kekaha,JEEP,1
HI,Kihei,KIA,1
HI,Honolulu,TESLA,1
HI,Kihei,TESLA,1
ID,Boise,TESLA,1
ID,Pocatello,TESLA,1
ID,Post Falls,TESLA,2
ID,Worley,RIVIAN,1
IL,Buffalo Grove,TESLA,1
IL,Chicago,CHRYSLER,1
IL,Great Lakes,TESLA,1
IL,Highland Park,TESLA,1
IL,Libertyville,VOLKSWAGEN,2
IL,Mundelein,TESLA,1
IL,Saint Jacob,TESLA,1
IL,Skokie,TESLA,1
IL,Streamwood,JEEP,1
IL,Libertyville,AUDI,1
IL,Libertyville,AUDI,1
IN,Fort Wayne,CHRYSLER,1
IN,Westfield,KIA,1
IN,Fort Wayne,TESLA,1
KS,Derby,FORD,1
KS,Fort Leavenworth,TESLA,2
KS,Fort Riley,FORD,1
KS,Junction City,TESLA,1
KS,Fort Leavenworth,CHRYSLER,1
KS,Fort Leavenworth,TESLA,1
KS,Fort Leavenworth,VOLVO,1
KY,Fort Knox,VOLKSWAGEN,1
KY,Goshen,CHRYSLER,1
KY,Rineyville,RIVIAN,1
LA,Shreveport,TESLA,1
MA,Boston,CHRYSLER,1
MA,Cambridge,GENESIS,1
MA,Hanscom Afb,TESLA,1
MA,North Dartmouth,TESLA,1
MA,Winchester,HYUNDAI,1
MA,Boston,TESLA,1
MA,Hanscom Afb,TESLA,1
MD,Aberdeen Proving Ground,TESLA,1
MD,Andrews Air Force Base,TESLA,1
MD,Annapolis,BMW,1
MD,Baltimore,TESLA,1
MD,Bethesda,AUDI,1
MD,California,TESLA,1
MD,Crofton,JEEP,1
MD,Edgewater,TESLA,1
MD,Ellicott City,VOLVO,1
MD,Fort Washington,NISSAN,1
MD,Frederick,TESLA,1
MD,Gaithersburg,CADILLAC,1
MD,Gambrills,HONDA,1
MD,Germantown,TESLA,1
MD,Gunpowder,TESLA,1
MD,Hanover,TESLA,1
MD,Hughesville,FISKER,1
MD,Leonardtown,TESLA,1
MD,Lexington Park,TESLA,1
MD,Middletown,LEXUS,1
MD,Odenton,BMW,1
MD,Pasadena,CHEVROLET,1
MD,Potomac,CHRYSLER,1
MD,Upper Marlboro,KIA,1
MD,Westminster,FORD,1
MD,Woodbine,TESLA,1
MD,Annapolis,FORD,1
MD,Bethesda,TESLA,1
MD,Lexington Park,TESLA,1
MD,Middletown,TOYOTA,1
MD,Upper Marlboro,TESLA,1
MD,Annapolis,GMC,1
MD,Bethesda,TESLA,1
MD,Upper Marlboro,TESLA,1
MD,Upper Marlboro,TOYOTA,1
MD,Dayton,CHEVROLET,1
ME,Brewer,TOYOTA,1
MI,Ann Arbor,TOYOTA,1
MI,Saginaw,JEEP,1
MI,Taylor,FORD,1
MI,Warren,GMC,3
MI,Warren,CHEVROLET,2
MN,Minneapolis,TESLA,1
MN,Saint Paul,VOLVO,1
MO,Ballwin,TOYOTA,1
MO,O Fallon,KIA,1
MO,Ozark,JEEP,1
MO,Saint Louis,TESLA,1
MO,Saint Robert,TESLA,1
MO,Summersville,TESLA,1
MO,Warrensburg,TESLA,1
MO,Waynesville,TESLA,1
MS,Ocean Springs,TESLA,1
NC,Bunnlevel,TESLA,1
NC,Cameron,JEEP,1
NC,Carthage,TESLA,1
NC,Fayetteville,TESLA,1
NC,Fort Bragg,TOYOTA,2
NC,Holly Springs,TESLA,1
NC,Morrisville,TESLA,1
NC,Moyock,TESLA,1
NC,Raeford,TESLA,1
NC,Raleigh,FORD,1
NC,Spring Lake,TESLA,1
NC,Vass,TESLA,1
NC,Fayetteville,TESLA,1
NC,Fort Bragg,TESLA,1
NE,Omaha,AUDI,1
NE,Omaha,CHRYSLER,1
NE,Omaha,FORD,1
NH,Epping,TESLA,2
NH,Portsmouth,BMW,1
NH,Portsmouth,TESLA,1
NJ,Bloomfield,HYUNDAI,1
NJ,Camden,SUBARU,1
NJ,Egg Harbor Township,TESLA,1
NJ,Harrison,TESLA,1
NJ,Joint Base Mdl,TOYOTA,1
NJ,Montclair,VOLVO,1
NJ,Princeton,CHEVROLET,1
NJ,Stanhope,NISSAN,1
NJ,Tenafly,RIVIAN,1
NM,Holloman Air Force Base,JEEP,1
NM,Las Cruces,VOLKSWAGEN,1
NS,"",TESLA,1
NV,Fallon,CHRYSLER,1
NV,Henderson,TESLA,2
NV,Las Vegas,TESLA,2
NV,North Las Vegas,TESLA,1
NV,Reno,RIVIAN,1
NV,Sparks,TESLA,1
NV,Las Vegas,FORD,1
NV,North Las Vegas,TESLA,1
NV,Sparks,TESLA,1
NV,Las Vegas,MERCEDES-BENZ,1
NV,Las Vegas,VOLVO,1
NY,Brooklyn,TESLA,1
NY,Evans Mills,TESLA,1
NY,Greenfield Center,TESLA,1
NY,New York,KIA,1
NY,Saratoga Springs,TOYOTA,1
NY,Watertown,TESLA,1
NY,West Point,TESLA,1
NY,Brooklyn,TESLA,1
NY,New York,TESLA,1
NY,New York,TESLA,1
OH,Beavercreek,TESLA,1
OH,Cincinnati,NISSAN,1
OH,Beavercreek,TESLA,1
OH,Cincinnati,TESLA,1
OH,Dayton,BMW,1
OK,Enid,BMW,1
OR,Beaverton,TESLA,1
OR,Damascus,TESLA,1
OR,Gladstone,BMW,1
OR,Portland,BMW,1
OR,Salem,TESLA,1
OR,The Dalles,TOYOTA,1
OR,Portland,TESLA,2
OR,Salem,TOYOTA,1
OR,Springfield,TOYOTA,1
OR,Portland,VOLVO,1
PA,Mechanicsburg,TESLA,1
PA,Pittsburgh,MERCEDES-BENZ,1
PA,Pittsburgh,TESLA,1
RI,Greene,RIVIAN,1
RI,Providence,NISSAN,1
RI,Middletown,FORD,1
RI,Middletown,MITSUBISHI,1
RI,Middletown,RIVIAN,1
SC,Bluffton,TESLA,1
SC,Charleston Afb,CHRYSLER,1
SC,Hanahan,TESLA,1
SC,Charleston Afb,FORD,1
TN,Brentwood,AUDI,1
TN,Memphis,JEEP,1
TN,Nashville,BMW,1
TX,Alvord,TESLA,1
TX,Austin,CHEVROLET,1
TX,Baytown,FORD,1
TX,Bedford,TESLA,1
TX,Carrollton,TESLA,1
TX,Conroe,CHEVROLET,1
TX,Converse,TESLA,1
TX,Corpus Christi,CHEVROLET,1
TX,Dallas,RIVIAN,1
TX,El Paso,JEEP,1
TX,Frisco,TESLA,1
TX,Houston,TESLA,1
TX,Hutto,TOYOTA,1
TX,Jbsa Ft Sam Houston,CHRYSLER,2
TX,Jbsa Lackland,CHEVROLET,1
TX,Killeen,TESLA,1
TX,League City,TESLA,1
TX,Leander,TESLA,1
TX,Melissa,TESLA,1
TX,Plano,LEXUS,1
TX,San Antonio,HYUNDAI,1
TX,Southlake,TESLA,1
TX,Austin,HYUNDAI,1
TX,Corpus Christi,TESLA,1
TX,El Paso,KIA,1
TX,Jbsa Lackland,TESLA,1
TX,San Antonio,TESLA,1
TX,Austin,NISSAN,1
TX,El Paso,NISSAN,1
TX,San Antonio,TOYOTA,1
TX,Austin,TESLA,2
TX,El Paso,TESLA,1
UT,Midway,BMW,1
UT,Tooele,TESLA,1
VA,Alexandria,TESLA,3
VA,Ashburn,SUBARU,1
VA,Burke,TESLA,1
VA,Chantilly,CHRYSLER,1
VA,Charlottesville,JEEP,1
VA,Chesapeake,CHEVROLET,1
VA,Dumfries,CHEVROLET,1
VA,Falls Church,TESLA,2
VA,Fort Belvoir,CHEVROLET,1
VA,Fort Gregg Adams,TESLA,1
VA,Fort Lee,HYUNDAI,1
VA,Fredericksburg,TESLA,1
VA,Henrico,TESLA,1
VA,Manassas,CHEVROLET,1
VA,Mc Lean,JEEP,1
VA,Norfolk,CHEVROLET,1
VA,North Chesterfield,VOLVO,1
VA,Reston,AUDI,1
VA,Richmond,KIA,1
VA,Springfield,TESLA,2
VA,Stafford,FORD,1
VA,Suffolk,BMW,1
VA,Toano,TESLA,1
VA,Vienna,JEEP,1
VA,Virginia Beach,TESLA,2
VA,Williamsburg,CHEVROLET,1
VA,Yorktown,TESLA,1
VA,Alexandria,TESLA,2
VA,Burke,VOLKSWAGEN,1
VA,Carrollton,CHRYSLER,1
VA,Charlottesville,TESLA,1
VA,Chesapeake,TESLA,1
VA,Fort Belvoir,TESLA,1
VA,Henrico,TOYOTA,1
VA,Manassas,HYUNDAI,1
VA,Stafford,TESLA,1
VA,Suffolk,TESLA,1
VA,Vienna,TOYOTA,1
VA,Virginia Beach,TESLA,2
VA,Yorktown,VOLKSWAGEN,1
VA,Alexandria,TESLA,1
VA,Charlottesville,TESLA,1
VA,Manassas,NISSAN,1
VA,Portsmouth,TOYOTA,1
VA,Springfield,CHEVROLET,1
VA,Virginia Beach,BMW,1
VA,Alexandria,TESLA,1
VA,Charlottesville,TOYOTA,1
VA,Manassas,TESLA,1
VA,Springfield,FORD,1
VA,Virginia Beach,FORD,1
VA,Alexandria,VOLVO,1
VA,Springfield,HYUNDAI,1
VA,Virginia Beach,KIA,1
VA,Springfield,HYUNDAI,1
VA,Virginia Beach,RIVIAN,1
VA,Springfield,JEEP,1
VA,Springfield,NISSAN,1
VA,Springfield,TOYOTA,1
WA,Aberdeen,TESLA,25
WA,Acme,TESLA,2
WA,Addy,TESLA,2
WA,Airway Heights,TESLA,8
WA,Albion,MINI,1
WA,Alderdale,RIVIAN,1
WA,Algona,TESLA,11
WA,Allyn,TESLA,23
WA,Almira,CHEVROLET,1
WA,Amanda Park,FORD,1
WA,Amboy,TESLA,7
WA,Anacortes,TESLA,148
WA,Anderson Island,TESLA,11
WA,Appleton,TOYOTA,1
WA,Ariel,TESLA,4
WA,Arlington,TESLA,135
WA,Artondale,TESLA,2
WA,Ashford,TESLA,5
WA,Asotin,CHEVROLET,2
WA,Auburn,TESLA,537
WA,Bainbridge Island,TESLA,234
WA,Baring,TESLA,3
WA,Battle Ground,TESLA,162
WA,Bay Center,CHEVROLET,1
WA,Beaux Arts,TESLA,11
WA,Beaver,FORD,1
WA,Belfair,TESLA,34
WA,Bellevue,TESLA,587
WA,Bellingham,NISSAN,519
WA,Benton City,TESLA,22
WA,Bickleton,KIA,2
WA,Bingen,CHEVROLET,3
WA,Black Diamond,TESLA,156
WA,Blaine,TESLA,93
WA,Bonney Lake,TESLA,367
WA,Bothell,TESLA,2704
WA,Bow,TESLA,16
WA,Bremerton,TESLA,242
WA,Brewster,TESLA,8
WA,Bridgeport,TESLA,2
WA,Bridgeport Bar,TESLA,2
WA,Brier,TESLA,66
WA,Brinnon,TESLA,12
WA,Brush Prairie,TESLA,72
WA,Buckley,TESLA,65
WA,Bucoda,HONDA,1
WA,Buena,TESLA,1
WA,Burbank,TESLA,8
WA,Burien,TESLA,260
WA,Burlington,TESLA,36
WA,Bz Corner,CHEVROLET,3
WA,Camano Island,TESLA,126
WA,Camas,TESLA,474
WA,Carbonado,TESLA,3
WA,Carlton,CHEVROLET,1
WA,Carnation,TESLA,70
WA,Carson,CHEVROLET,4
WA,Cashmere,TESLA,27
WA,Castle Rock,TESLA,20
WA,Cathlamet,CHEVROLET,6
WA,Centerville,CHEVROLET,1
WA,Centralia,CHRYSLER,101
WA,Chattaroy,TESLA,13
WA,Chehalis,TESLA,49
WA,Chelan,TESLA,53
WA,Chelan Falls,TESLA,2
WA,Cheney,TESLA,52
WA,Chewelah,TESLA,6
WA,Chimacum,NISSAN,13
WA,Chinook,SUBARU,1
WA,Cinebar,CHEVROLET,1
WA,Clallam Bay,KIA,1
WA,Clarkston,TESLA,9
WA,Clayton,MITSUBISHI,2
WA,Cle Elum,TESLA,65
WA,Clearlake,CHEVROLET,1
WA,Clinton,TESLA,39
WA,Clyde Hill,TESLA,58
WA,Colbert,TESLA,39
WA,Colfax,TESLA,5
WA,College Place,TESLA,19
WA,Colton,BMW,1
WA,Colville,TESLA,15
WA,Conconully,CHEVROLET,1
WA,Concrete,TESLA,11
WA,Connell,TESLA,5
WA,Copalis Beach,TESLA,4
WA,Copalis Crossing,NISSAN,1
WA,Cosmopolis,TESLA,6
WA,Cougar,PORSCHE,1
WA,Coulee City,TESLA,6
WA,Coulee Dam,TESLA,2
WA,Coupeville,TESLA,41
WA,Covington,TESLA,268
WA,Cowiche,TESLA,2
WA,Creston,TESLA,1
WA,Curlew,TESLA,3
WA,Curtis,TESLA,3
WA,Cusick,CHEVROLET,2
WA,Custer,TESLA,6
WA,Dallesport,TESLA,5
WA,Darrington,FORD,6
WA,Davenport,TESLA,5
WA,Dayton,CHEVROLET,3
WA,Deer Harbor,CHEVROLET,1
WA,Deer Meadows,TESLA,2
WA,Deer Park,TESLA,19
WA,Deming,NISSAN,7
WA,Des Moines,TESLA,168
WA,Dixie,TESLA,1
WA,Dryden,TESLA,1
WA,Dupont,TESLA,62
WA,Duvall,TESLA,187
WA,East Wenatchee,TESLA,83
WA,Easton,TESLA,8
WA,Eastsound,NISSAN,78
WA,Eatonville,TESLA,35
WA,Edgewood,TESLA,90
WA,Edmonds,TESLA,338
WA,Edwall,CHEVROLET,1
WA,Elbe,TESLA,3
WA,Electric City,TESLA,3
WA,Elk,CHEVROLET,4
WA,Ellensburg,TESLA,71
WA,Elma,TESLA,13
WA,Elmer City,CHEVROLET,1
WA,Eltopia,CHEVROLET,2
WA,Endicott,FORD,2
WA,Entiat,TESLA,7
WA,Enumclaw,TESLA,76
WA,Ephrata,TESLA,19
WA,Ethel,TESLA,3
WA,Evans,CHEVROLET,3
WA,Everett,TESLA,889
WA,Everson,TESLA,21
WA,Fairchild Air Force Base,TESLA,8
WA,Fairfield,CHEVROLET,1
WA,Fall City,TESLA,54
WA,Farmington,JEEP,1
WA,Federal Way,TESLA,397
WA,Ferndale,TESLA,68
WA,Fife,TESLA,53
WA,Fircrest,TESLA,38
WA,Ford,CHEVROLET,2
WA,Forks,TESLA,5
WA,Fox Island,TESLA,46
WA,Freeland,TESLA,38
WA,Friday Harbor,NISSAN,86
WA,Galvin,TESLA,1
WA,Gardiner,HYUNDAI,1
WA,Garfield,FORD,1
WA,Gifford,MITSUBISHI,1
WA,Gig Harbor,TESLA,369
WA,Glacier,TESLA,4
WA,Glenoma,CHRYSLER,1
WA,Glenwood,FORD,1
WA,Gold Bar,TESLA,16
WA,Goldendale,FORD,8
WA,Graham,TESLA,91
WA,Grand Coulee,BMW,2
WA,Grandview,TESLA,19
WA,Granger,CHEVROLET,1
WA,Granite Falls,TESLA,39
WA,Grapeview,TESLA,16
WA,Grayland,TOYOTA,2
WA,Grays River,CHEVROLET,1
WA,Greenacres,TESLA,57
WA,Greenbank,NISSAN,9
WA,Hamilton,CHEVROLET,1
WA,Hansville,TESLA,18
WA,Harrah,CHEVROLET,1
WA,Harrington,CHEVROLET,1
WA,Hartline,JEEP,1
WA,Hatton,TESLA,1
WA,Holden Village,TESLA,1
WA,Hoodsport,TESLA,8
WA,Hoquiam,TESLA,7
WA,Hunters,TESLA,1
WA,Hunts Point,TESLA,13
WA,Husum,TESLA,6
WA,Ilwaco,TOYOTA,3
WA,Incorporated,BMW,1
WA,Index,CHEVROLET,2
WA,Indianola,NISSAN,11
WA,Ione,MAZDA,1
WA,Issaquah,TESLA,1034
WA,Joint Base Lewis Mcchord,TESLA,48
WA,Kalama,TESLA,27
WA,Kapowsin,TESLA,3
WA,Kelso,TESLA,38
WA,Kenmore,TESLA,234
WA,Kennewick,TESLA,252
WA,Kent,TESLA,1202
WA,Kettle Falls,TESLA,9
WA,Keyport,NISSAN,3
WA,Kingston,TESLA,48
WA,Kirkland,TESLA,1207
WA,Kittitas,FORD,1
WA,Klickitat,MINI,1
WA,La Center,TESLA,41
WA,La Conner,TESLA,17
WA,Lacey,TESLA,291
WA,Lacrosse,TESLA,1
WA,Lake Forest Park,TESLA,109
WA,Lake Stevens,TESLA,350
WA,Lake Tapps,TESLA,111
WA,Lakebay,TESLA,19
WA,Lakeview,JEEP,1
WA,Lakewood,TESLA,159
WA,Lamont,TOYOTA,1
WA,Langley,TESLA,33
WA,Latah,TESLA,2
WA,Leavenworth,TESLA,75
WA,Lebam,FORD,1
WA,Liberty Lake,TESLA,65
WA,Lilliwaup,TESLA,4
WA,Lincoln,BMW,1
WA,Lind,TESLA,2
WA,Long Beach,TESLA,6
WA,Longbranch,TESLA,5
WA,Longview,TESLA,62
WA,Loon Lake,CHEVROLET,3
WA,Lopez Is,NISSAN,1
WA,Lopez Island,NISSAN,28
WA,Lummi Island,TESLA,6
WA,Lyle,HYUNDAI,3
WA,Lyman,CHEVROLET,1
WA,Lynden,TESLA,73
WA,Lynnwood,TESLA,1234
WA,Mabton,TESLA,3
WA,Malaga,NISSAN,5
WA,Malden,MITSUBISHI,1
WA,Malott,FORD,1
WA,Mansfield,CHEVROLET,1
WA,Manson,TESLA,26
WA,Maple Falls,TESLA,8
WA,Maple Valley,TESLA,534
WA,Marblemount,TOYOTA,1
WA,Marlin,TESLA,2
WA,Martha Lake,TESLA,1
WA,Maryhill,TOYOTA,1
WA,Marysville,TESLA,540
WA,Mattawa,TESLA,9
WA,Mazama,TESLA,3
WA,McChord AFB,HYUNDAI,1
WA,McCleary,CHEVROLET,1
WA,Mccleary,TESLA,12
WA,Mead,TESLA,23
WA,Medical Lake,TESLA,15
WA,Medina,TESLA,89
WA,Menlo,TOYOTA,2
WA,Mercer Island,TESLA,612
WA,Mesa,FORD,2
WA,Metaline,HYUNDAI,1
WA,Methow,CADILLAC,1
WA,Mica,TESLA,3
WA,Mill Creek,TESLA,272
WA,Milton,TESLA,39
WA,Mineral,CHEVROLET,2
WA,Moclips,BMW,2
WA,Monitor,RIVIAN,1
WA,Monroe,TESLA,268
WA,Montesano,TESLA,15
WA,Morton,TESLA,5
WA,Moses Lake,TESLA,84
WA,Mossyrock,TESLA,5
WA,Mount Vernon,TESLA,172
WA,Mountlake Terrace,TESLA,108
WA,Moxee,TESLA,10
WA,Mukilteo,TESLA,295
WA,Murdock,FORD,1
WA,Naches,TESLA,9
WA,Nahcotta,CHEVROLET,1
WA,Napavine,CHEVROLET,2
WA,Naselle,TESLA,4
WA,Neah Bay,FORD,2
WA,Nespelem,NISSAN,1
WA,Newcastle,TESLA,385
WA,Newman Lake,TESLA,9
WA,Newport,TESLA,12
WA,Nine Mile Falls,TESLA,25
WA,Nooksack,TESLA,4
WA,Nordland,NISSAN,9
WA,Normandy Park,TESLA,44
WA,North Bend,TESLA,247
WA,North Bonneville,TESLA,3
WA,North Cove,TESLA,4
WA,Northport,HYUNDAI,1
WA,Northwestern Lake,HONDA,1
WA,Oak Harbor,TESLA,116
WA,Oakesdale,JEEP,1
WA,Oakville,TESLA,5
WA,Ocean Park,NISSAN,4
WA,Ocean Shores,TESLA,28
WA,Odessa,JEEP,2
WA,Okanogan,CHEVROLET,1
WA,Olalla,TESLA,24
WA,Olga,NISSAN,12
WA,Olympia,TESLA,642
WA,Omak,CHRYSLER,3
WA,Onalaska,NISSAN,6
WA,Orcas,CHEVROLET,1
WA,Orcas Is,NISSAN,2
WA,Orient,TESLA,1
WA,Orondo,TESLA,13
WA,Oroville,TESLA,5
WA,Orting,TESLA,42
WA,Othello,TESLA,24
WA,Otis Orchards,TESLA,9
WA,Outlook,TESLA,5
WA,Oysterville,FORD,2
WA,Pacific,TESLA,22
WA,Pacific Beach,HYUNDAI,3
WA,Packwood,TESLA,10
WA,Palisades,NISSAN,2
WA,Palouse,CHEVROLET,4
WA,Parkland,TESLA,24
WA,Pasc,TESLA,1
WA,Pasco,TESLA,203
WA,Pateros,TESLA,3
WA,Paterson,FORD,1
WA,Pe Ell,TESLA,2
WA,Peshastin,TESLA,8
WA,Plymouth,CHEVROLET,1
WA,Point Roberts,TESLA,12
WA,Pomeroy,FORD,2
WA,Port Angeles,NISSAN,63
WA,Port Gamble,CHEVROLET,1
WA,Port Hadlock,CHEVROLET,8
WA,Port Ludlow,TESLA,33
WA,Port Orchard,TESLA,256
WA,Port Townsend,NISSAN,111
WA,Poulsbo,TESLA,130
WA,Pouslbo,TESLA,3
WA,Prescott,NISSAN,1
WA,Preston,TESLA,9
WA,Pros,TESLA,1
WA,Prosser,TESLA,20
WA,Pullman,TESLA,81
WA,Puyallup,TESLA,351
WA,Quilcene,NISSAN,6
WA,Quinault,CHEVROLET,1
WA,Quincy,TESLA,37
WA,Rainier,TESLA,11
WA,Randle,TESLA,2
WA,Ravensdale,TESLA,29
WA,Raymond,NISSAN,5
WA,Reardan,CHRYSLER,2
WA,Redmond,TESLA,1620
WA,Renton,TESLA,1049
WA,Republic,TESLA,4
WA,Rice,TESLA,3
WA,Rich,TESLA,1
WA,Richland,TESLA,225
WA,Ridgefield,TESLA,278
WA,Ritzville,TESLA,5
WA,Riverside,TESLA,2
WA,Rochester,TESLA,16
WA,Rock Island,TESLA,4
WA,Rockford,TESLA,2
WA,Rockport,CHEVROLET,1
WA,Ronald,TESLA,12
WA,Roosevelt,LINCOLN,1
WA,Rosalia,TESLA,4
WA,Rosburg,CHEVROLET,1
WA,Roslyn,TESLA,6
WA,Roy,TESLA,33
WA,Royal City,FORD,5
WA,Ruston,TESLA,9
WA,Ryderwood,CHEVROLET,1
WA,Salkum,TESLA,3
WA,Sammamish,TESLA,2247
WA,San Juan Is,TESLA,1
WA,Seabeck,TESLA,22
WA,Seatac,TESLA,208
WA,Seattle,NISSAN,2798
WA,Seaview,TESLA,2
WA,Sedro Woolley,TESLA,11
WA,Sedro-Woolley,TESLA,37
WA,Sekiu,AUDI,1
WA,Selah,TESLA,27
WA,Sequim,TESLA,85
WA,Seven Bays,FORD,1
WA,Shaw Island,TESLA,3
WA,Shelton,TESLA,81
WA,Shoreline,TESLA,387
WA,Silver Creek,TESLA,4
WA,Silver Lake,POLESTAR,1
WA,Silverdale,TESLA,92
WA,Silverlake,TESLA,6
WA,Skamokawa,TESLA,3
WA,Skykomish,ACURA,1
WA,Smith Creek,FORD,1
WA,Snohomish,TESLA,428
WA,Snoqualmie,TESLA,359
WA,Snoqualmie Pass,TESLA,10
WA,Snowden,TOYOTA,5
WA,Soap Lake,TESLA,5
WA,South Bend,TESLA,2
WA,South Cle Elum,CHEVROLET,1
WA,South Hill,TESLA,158
WA,South Prairie,BMW,1
WA,Spanaway,TESLA,113
WA,Spangle,TESLA,3
WA,Spokane,TESLA,729
WA,Spokane Valley,TESLA,171
WA,Sprague,CHEVROLET,2
WA,Springdale,CHEVROLET,1
WA,St John,TESLA,1
WA,Stanwood,TESLA,114
WA,Startup,TESLA,1
WA,Steilacoom,TESLA,42
WA,Stevenson,TESLA,13
WA,Stratford,LUCID,1
WA,Sultan,TESLA,67
WA,Sumas,CHRYSLER,2
WA,Sumner,TESLA,33
WA,Sunnyside,TESLA,21
WA,Suquamish,NISSAN,11
WA,Surfside,TESLA,5
WA,Tacoma,TESLA,773
WA,Taholah,CHRYSLER,2
WA,Tahuya,FORD,6
WA,Tekoa,TESLA,2
WA,Tenino,TESLA,15
WA,Thorp,TESLA,2
WA,Tieton,TESLA,6
WA,Tokeland,JEEP,1
WA,Toledo,TESLA,7
WA,Tonasket,TOYOTA,4
WA,Toppenish,TESLA,9
WA,Touchet,TESLA,5
WA,Toutle,TESLA,2
WA,Trout Lake,TESLA,10
WA,Tukwila,TESLA,172
WA,Tulalip,AUDI,1
WA,Tumtum,FORD,1
WA,Tumwater,TESLA,128
WA,Twisp,TESLA,14
WA,Underwood,TESLA,8
WA,Union,TESLA,13
WA,Union Gap,TESLA,5
WA,Uniontown,JEEP,2
WA,University Place,TESLA,186
WA,Usk,FORD,1
WA,Vader,CHEVROLET,3
WA,Valley,TESLA,2
WA,Valleyford,TESLA,9
WA,Vancouver,TESLA,1359
WA,Vantage,CHEVROLET,1
WA,Vashon,NISSAN,142
WA,Vaughn,TESLA,8
WA,Veradale,TESLA,16
WA,Wahkiacus,CHEVROLET,1
WA,Waitsburg,CHEVROLET,2
WA,Waldron,NISSAN,3
WA,Walla Walla,TESLA,62
WA,Walla Walla Co,BMW,1
WA,Wapato,TESLA,15
WA,Warden,TESLA,5
WA,Washougal,TESLA,116
WA,Washtucna,NISSAN,1
WA,Waterville,TESLA,2
WA,Wellpinit,JEEP,2
WA,Wenatchee,TESLA,120
WA,West Richland,TESLA,54
WA,Westport,TESLA,6
WA,White Salmon,TESLA,45
WA,White Swan,FORD,1
WA,Wilbur,JEEP,2
WA,Wilkeson,FORD,1
WA,Willapa,BMW,1
WA,Winlock,TESLA,16
WA,Winthrop,TESLA,33
WA,Wishram,TESLA,1
WA,Woodinville,TESLA,628
WA,Woodland,TESLA,60
WA,Woodway,TESLA,22
WA,Wrch,TESLA,2
WA,Yacolt,TESLA,21
WA,Yakima,TESLA,189
WA,Yarrow Point,TESLA,33
WA,Yelm,TESLA,74
WA,Zillah,TESLA,10
WA,Aberdeen,TESLA,18
WA,Acme,CADILLAC,1
WA,Addy,TESLA,2
WA,Airway Heights,TESLA,6
WA,Algona,NISSAN,5
WA,Allyn,TESLA,17
WA,Almira,KIA,1
WA,Amanda Park,KIA,1
WA,Amboy,VOLKSWAGEN,4
WA,Anacortes,TESLA,95
WA,Anderson Island,TESLA,6
WA,Ariel,CHEVROLET,2
WA,Arlington,TESLA,145
WA,Ashford,TESLA,5
WA,Asotin,TESLA,2
WA,Auburn,TESLA,646
WA,Bainbridge Island,NISSAN,192
WA,Baring,TESLA,2
WA,Battle Ground,TESLA,128
WA,Beaux Arts,TESLA,7
WA,Belfair,TESLA,29
WA,Bellevue,TESLA,501
WA,Bellingham,TESLA,498
WA,Benton City,TESLA,9
WA,Bingen,TESLA,3
WA,Black Diamond,TESLA,75
WA,Blaine,TESLA,72
WA,Bonney Lake,TESLA,237
WA,Bothell,TESLA,1395
WA,Bow,CHEVROLET,14
WA,Bremerton,TESLA,258
WA,Brewster,TESLA,4
WA,Bridgeport,FORD,1
WA,Bridgeport Bar,FORD,1
WA,Brier,NISSAN,38
WA,Brinnon,CHEVROLET,4
WA,Brush Prairie,TESLA,64
WA,Buckley,TESLA,60
WA,Bucoda,NISSAN,1
WA,Buena,TESLA,1
WA,Burbank,TESLA,7
WA,Burien,TESLA,184
WA,Burlington,TESLA,35
WA,Bz Corner,TESLA,2
WA,Camano Island,TESLA,83
WA,Camas,TESLA,317
WA,Carbonado,CHEVROLET,2
WA,Carlton,CHEVROLET,1
WA,Carnation,TESLA,90
WA,Carson,TESLA,4
WA,Cashmere,NISSAN,8
WA,Castle Rock,TESLA,15
WA,Cathlamet,TESLA,6
WA,Centerville,JEEP,1
WA,Centralia,NISSAN,28
WA,Chattaroy,TESLA,7
WA,Chehalis,TESLA,40
WA,Chelan,TESLA,21
WA,Chelan Falls,KIA,1
WA,Cheney,TESLA,25
WA,Chewelah,CHEVROLET,3
WA,Chimacum,KIA,3
WA,Chinook,TESLA,1
WA,Cinebar,CHEVROLET,1
WA,Clallam Bay,LEXUS,1
WA,Clarkston,TESLA,9
WA,Clayton,TESLA,2
WA,Cle Elum,TESLA,36
WA,Clearlake,FORD,1
WA,Clinton,NISSAN,28
WA,Clyde Hill,TESLA,86
WA,Colbert,TESLA,20
WA,Colfax,TOYOTA,4
WA,College Place,TESLA,13
WA,Colton,CHEVROLET,1
WA,Colville,CHEVROLET,7
WA,Conconully,TESLA,1
WA,Concrete,CHEVROLET,5
WA,Connell,TESLA,5
WA,Copalis Beach,TOYOTA,2
WA,Copalis Crossing,TESLA,1
WA,Cosmopolis,TESLA,4
WA,Cougar,RIVIAN,1
WA,Coulee City,TESLA,5
WA,Coulee Dam,CHEVROLET,1
WA,Coupeville,TESLA,39
WA,Covington,TESLA,162
WA,Cowiche,CADILLAC,1
WA,Creston,TOYOTA,1
WA,Curlew,TESLA,2
WA,Curtis,JEEP,2
WA,Cusick,CHEVROLET,1
WA,Custer,TESLA,5
WA,Dallesport,TOYOTA,2
WA,Danville,TESLA,1
WA,Darrington,CHEVROLET,2
WA,Davenport,TESLA,4
WA,Dayton,FORD,4
WA,Deer Meadows,CHEVROLET,1
WA,Deer Park,TESLA,11
WA,Deming,TESLA,3
WA,Des Moines,TESLA,116
WA,Dupont,TESLA,45
WA,Duvall,TESLA,117
WA,East Wenatchee,TESLA,56
WA,Easton,CHEVROLET,1
WA,Eastsound,CHEVROLET,29
WA,Eatonville,TESLA,23
WA,Edgewood,TESLA,69
WA,Edmonds,TESLA,429
WA,Edwall,FORD,1
WA,Elbe,RIVIAN,1
WA,Electric City,CHEVROLET,1
WA,Elk,CHEVROLET,3
WA,Ellensburg,TESLA,75
WA,Elma,TESLA,12
WA,Elmer City,FORD,1
WA,Eltopia,TESLA,2
WA,Endicott,FORD,1
WA,Entiat,TESLA,6
WA,Enumclaw,TESLA,74
WA,Ephrata,TESLA,20
WA,Ethel,TOYOTA,2
WA,Everett,TESLA,594
WA,Everson,TESLA,18
WA,Fairchild Air Force Base,MAZDA,2
WA,Fairfield,FORD,1
WA,Fall City,TESLA,46
WA,Federal Way,TESLA,541
WA,Ferndale,TESLA,90
WA,Fife,TESLA,38
WA,Fircrest,TESLA,40
WA,Ford,CHEVROLET,1
WA,Forks,TESLA,4
WA,Fox Island,TESLA,33
WA,Freeland,TESLA,31
WA,Friday Harbor,TESLA,55
WA,Garfield,SUBARU,1
WA,Gig Harbor,TESLA,527
WA,Glacier,TESLA,3
WA,Glenoma,FORD,1
WA,Gold Bar,TESLA,14
WA,Goldendale,CHEVROLET,6
WA,Graham,TESLA,78
WA,Grand Coulee,TESLA,2
WA,Grandview,TESLA,7
WA,Granger,CHEVROLET,1
WA,Granite Falls,TESLA,38
WA,Grapeview,TESLA,8
WA,Grayland,CHEVROLET,1
WA,Grays River,CHEVROLET,1
WA,Greenacres,TESLA,29
WA,Greenbank,TESLA,9
WA,Hamilton,NISSAN,1
WA,Hansville,FORD,7
WA,Harrington,KIA,1
WA,Hartline,TESLA,1
WA,Hoodsport,TESLA,7
WA,Hoquiam,TESLA,6
WA,Hunters,TOYOTA,1
WA,Hunts Point,TESLA,12
WA,Husum,TESLA,4
WA,Ilwaco,CHEVROLET,2
WA,Index,BMW,1
WA,Indianola,TESLA,9
WA,Ione,TESLA,1
WA,Issaquah,TESLA,639
WA,Joint Base Lewis Mcchord,TESLA,28
WA,Kalama,TESLA,24
WA,Kapowsin,NISSAN,2
WA,Kelso,TESLA,31
WA,Kenmore,TESLA,310
WA,Kennewick,TESLA,219
WA,Kent,TESLA,791
WA,Kettle Falls,TESLA,4
WA,Keyport,HONDA,2
WA,Kingston,NISSAN,34
WA,Kirkland,TESLA,1688
WA,Kittitas,JEEP,1
WA,Klickitat,TOYOTA,1
WA,La Center,TESLA,37
WA,La Conner,TESLA,14
WA,Lacey,TESLA,205
WA,Lake Forest Park,TESLA,141
WA,Lake Stevens,TESLA,547
WA,Lake Tapps,TESLA,89
WA,Lakebay,TESLA,18
WA,Lakewood,TESLA,167
WA,Langley,CHEVROLET,31
WA,Latah,TESLA,1
WA,Leavenworth,CHEVROLET,36
WA,Lebam,FORD,1
WA,Liberty Lake,TESLA,52
WA,Lilliwaup,TESLA,3
WA,Lincoln,FORD,1
WA,Lind,RIVIAN,1
WA,Long Beach,TOYOTA,6
WA,Longbranch,TESLA,4
WA,Longview,TESLA,66
WA,Loon Lake,TESLA,3
WA,Lopez Is,TOYOTA,1
WA,Lopez Island,TESLA,11
WA,Lummi Island,TESLA,5
WA,Lyle,CHEVROLET,2
WA,Lyman,CHEVROLET,1
WA,Lynden,TESLA,49
WA,Lynnwood,TESLA,783
WA,Mabton,FORD,2
WA,Malaga,TESLA,4
WA,Mansfield,DODGE,1
WA,Manson,TESLA,16
WA,Maple Falls,CHEVROLET,7
WA,Maple Valley,TESLA,304
WA,Marlin,JEEP,1
WA,Marysville,TESLA,331
WA,Mattawa,TESLA,5
WA,Mazama,CHEVROLET,2
WA,Mccleary,TESLA,10
WA,Mead,TESLA,11
WA,Medical Lake,TESLA,9
WA,Medina,TESLA,54
WA,Menlo,CHEVROLET,1
WA,Mercer Island,TESLA,432
WA,Mesa,CHEVROLET,1
WA,Methow,CHEVROLET,1
WA,Mica,FORD,1
WA,Mill Creek,TESLA,175
WA,Milton,TESLA,38
WA,Mineral,CHRYSLER,2
WA,Moclips,MITSUBISHI,1
WA,Monitor,TESLA,1
WA,Monroe,TESLA,163
WA,Montesano,TESLA,11
WA,Morton,TESLA,3
WA,Moses Lake,TESLA,78
WA,Mossyrock,TESLA,5
WA,Mount Vernon,TESLA,120
WA,Mountlake Terrace,TESLA,138
WA,Moxee,TESLA,6
WA,Mukilteo,TESLA,159
WA,Murdock,FORD,1
WA,Naches,TESLA,6
WA,Nahcotta,CHRYSLER,1
WA,Napavine,TESLA,2
WA,Naselle,TOYOTA,4
WA,Neah Bay,TESLA,2
WA,Newcastle,TESLA,229
WA,Newman Lake,TESLA,6
WA,Newport,TESLA,6
WA,Nine Mile Falls,TESLA,14
WA,Nooksack,TESLA,3
WA,Nordland,TESLA,8
WA,Normandy Park,TESLA,52
WA,North Bend,TESLA,127
WA,North Bonneville,TESLA,3
WA,North Cove,CHEVROLET,1
WA,Oak Harbor,TESLA,88
WA,Oakesdale,KIA,1
WA,Oakville,FORD,3
WA,Ocean Park,TESLA,4
WA,Ocean Shores,TESLA,19
WA,Odessa,TESLA,2
WA,Okanogan,CHEVROLET,1
WA,Olalla,TESLA,23
WA,Olga,CHEVROLET,4
WA,Olympia,NISSAN,404
WA,Omak,JEEP,3
WA,Onalaska,TESLA,6
WA,Orcas,FORD,1
WA,Orcas Is,CHEVROLET,1
WA,Orondo,TESLA,13
WA,Oroville,FORD,2
WA,Orting,TESLA,35
WA,Othello,TESLA,8
WA,Otis Orchards,CHEVROLET,5
WA,Outlook,BMW,1
WA,Oysterville,TOYOTA,2
WA,Pacific,TESLA,20
WA,Pacific Beach,TESLA,3
WA,Packwood,JEEP,3
WA,Palisades,RIVIAN,1
WA,Palouse,TESLA,2
WA,Parker,JEEP,1
WA,Parkland,TESLA,20
WA,Pasc,TOYOTA,1
WA,Pasco,TESLA,168
WA,Pateros,NISSAN,2
WA,Pe Ell,HONDA,1
WA,Peshastin,FORD,3
WA,Point Roberts,TESLA,11
WA,Pomeroy,TOYOTA,1
WA,Port Angeles,TESLA,55
WA,Port Gamble,CHRYSLER,1
WA,Port Hadlock,TESLA,6
WA,Port Ludlow,TESLA,21
WA,Port Orchard,TESLA,196
WA,Port Townsend,CHEVROLET,83
WA,Poulsbo,TESLA,116
WA,Pouslbo,TESLA,2
WA,Prescott,TESLA,1
WA,Preston,TESLA,7
WA,Prosser,TESLA,14
WA,Pullman,TESLA,46
WA,Puyallup,TESLA,420
WA,Quilcene,TESLA,6
WA,Quinault,CHEVROLET,1
WA,Quincy,TESLA,29
WA,Rainier,JEEP,8
WA,Randle,CHEVROLET,1
WA,Ravensdale,TESLA,22
WA,Raymond,TESLA,5
WA,Reardan,TESLA,2
WA,Redmond,TESLA,2573
WA,Renton,TESLA,1754
WA,Republic,TESLA,2
WA,Rice,CHEVROLET,1
WA,Richland,TESLA,243
WA,Ridgefield,TESLA,167
WA,Ritzville,JEEP,3
WA,Rochester,TESLA,16
WA,Rock Island,NISSAN,3
WA,Rockford,BMW,1
WA,Rockport,JEEP,1
WA,Ronald,TESLA,11
WA,Rosalia,BMW,2
WA,Rosburg,HONDA,1
WA,Roslyn,TESLA,4
WA,Roy,TESLA,27
WA,Royal City,FORD,4
WA,Ruston,TESLA,3
WA,Ryderwood,HONDA,1
WA,Salkum,FORD,2
WA,Sammamish,TESLA,342
WA,San Juan Is,TESLA,1
WA,Seabeck,TESLA,19
WA,Seatac,TESLA,334
WA,Seattle,TESLA,918
WA,Seaview,CHEVROLET,1
WA,Sedro Woolley,TESLA,8
WA,Sedro-Woolley,TESLA,34
WA,Sekiu,CHEVROLET,1
WA,Selah,TESLA,23
WA,Sequim,TESLA,87
WA,Seven Bays,KIA,1
WA,Shaw Island,AUDI,1
WA,Shelton,TESLA,74
WA,Shoreline,TESLA,476
WA,Silver Creek,HONDA,2
WA,Silverdale,TESLA,85
WA,Silverlake,TESLA,6
WA,Skamokawa,CHEVROLET,2
WA,Skykomish,AUDI,1
WA,Snohomish,TESLA,657
WA,Snoqualmie,TESLA,185
WA,Snoqualmie Pass,TESLA,4
WA,Snowden,NISSAN,2
WA,Soap Lake,CHEVROLET,4
WA,South Bend,TESLA,2
WA,South Cle Elum,CHEVROLET,1
WA,South Hill,TESLA,141
WA,South Prairie,CHRYSLER,1
WA,Spanaway,TESLA,111
WA,Spangle,TESLA,3
WA,Spokane,TESLA,438
WA,Spokane Valley,TESLA,127
WA,Sprague,DODGE,1
WA,Springdale,CHEVROLET,1
WA,St John,TESLA,1
WA,Stanwood,TESLA,102
WA,Steilacoom,TESLA,23
WA,Stevenson,TESLA,8
WA,Sultan,TESLA,50
WA,Sumas,HYUNDAI,2
WA,Sumner,TESLA,29
WA,Sunnyside,TESLA,21
WA,Suquamish,TESLA,11
WA,Surfside,TOYOTA,4
WA,Tacoma,TESLA,858
WA,Taholah,FORD,1
WA,Tahuya,TESLA,6
WA,Tekoa,FORD,1
WA,Tenino,TESLA,13
WA,Thorp,BMW,1
WA,Tieton,TESLA,3
WA,Tokeland,KIA,1
WA,Toledo,NISSAN,5
WA,Tonasket,CHEVROLET,3
WA,Toppenish,TESLA,4
WA,Touchet,TESLA,2
WA,Toutle,TESLA,2
WA,Trout Lake,CHEVROLET,5
WA,Tukwila,TESLA,127
WA,Tulalip,FISKER,1
WA,Tumwater,TESLA,86
WA,Twisp,CHEVROLET,6
WA,Underwood,TOYOTA,5
WA,Union,JEEP,4
WA,Union Gap,TESLA,4
WA,Uniontown,SUBARU,2
WA,University Place,TESLA,139
WA,Vader,CHRYSLER,2
WA,Valley,TESLA,2
WA,Valleyford,TESLA,3
WA,Vancouver,TESLA,1623
WA,Vantage,TESLA,1
WA,Vashon,TESLA,70
WA,Vaughn,TESLA,5
WA,Veradale,TESLA,9
WA,Wahkiacus,JEEP,1
WA,Waitsburg,CHEVROLET,2
WA,Waldron,CHEVROLET,1
WA,Walla Walla,TESLA,54
WA,Walla Walla Co,MITSUBISHI,1
WA,Wapato,TESLA,4
WA,Warden,FORD,2
WA,Washougal,TESLA,135
WA,Washtucna,RIVIAN,1
WA,Waterville,BMW,1
WA,Wenatchee,TESLA,73
WA,West Richland,TESLA,54
WA,Westport,TOYOTA,3
WA,White Salmon,TESLA,18
WA,Wilbur,FORD,1
WA,Wilkeson,MINI,1
WA,Willapa,JEEP,1
WA,Winlock,TESLA,10
WA,Winthrop,TOYOTA,11
WA,Woodinville,TESLA,455
WA,Woodland,TESLA,38
WA,Woodway,TESLA,14
WA,Wrch,TESLA,1
WA,Yacolt,TESLA,10
WA,Yakima,TESLA,186
WA,Yarrow Point,TESLA,20
WA,Yelm,TESLA,72
WA,Zillah,TESLA,7
WA,Aberdeen,CHEVROLET,16
WA,Acme,FORD,1
WA,Addy,TESLA,1
WA,Airway Heights,CHEVROLET,3
WA,Algona,TESLA,5
WA,Allyn,CHEVROLET,5
WA,Amanda Park,TESLA,1
WA,Amboy,NISSAN,3
WA,Anacortes,NISSAN,51
WA,Anderson Island,CHEVROLET,4
WA,Ariel,FORD,2
WA,Arlington,NISSAN,43
WA,Ashford,TESLA,3
WA,Asotin,TESLA,2
WA,Auburn,TESLA,105
WA,Bainbridge Island,TESLA,282
WA,Baring,RIVIAN,1
WA,Battle Ground,NISSAN,54
WA,Beaux Arts,CHEVROLET,3
WA,Belfair,CHEVROLET,12
WA,Bellevue,TESLA,3442
WA,Bellingham,TESLA,369
WA,Benton City,CHEVROLET,6
WA,Bingen,HYUNDAI,2
WA,Black Diamond,FORD,20
WA,Blaine,NISSAN,37
WA,Bonney Lake,TESLA,56
WA,Bothell,NISSAN,388
WA,Bow,TESLA,13
WA,Bremerton,NISSAN,155
WA,Brewster,TESLA,2
WA,Bridgeport,FORD,1
WA,Bridgeport Bar,KIA,1
WA,Brier,TESLA,32
WA,Brinnon,CHEVROLET,3
WA,Brush Prairie,TESLA,27
WA,Buckley,JEEP,19
WA,Bucoda,TESLA,1
WA,Burbank,TOYOTA,2
WA,Burien,NISSAN,97
WA,Burlington,NISSAN,14
WA,Bz Corner,HONDA,1
WA,Camano Island,TESLA,35
WA,Camas,NISSAN,99
WA,Carbonado,FORD,2
WA,Carlton,FORD,1
WA,Carnation,NISSAN,27
WA,Carson,TESLA,3
WA,Cashmere,TESLA,7
WA,Castle Rock,NISSAN,7
WA,Cathlamet,TOYOTA,6
WA,Centerville,NISSAN,1
WA,Centralia,TESLA,26
WA,Chattaroy,CHEVROLET,3
WA,Chehalis,CHEVROLET,22
WA,Chelan,TESLA,19
WA,Chelan Falls,VOLVO,1
WA,Cheney,CHEVROLET,9
WA,Chewelah,TESLA,3
WA,Chimacum,TESLA,3
WA,Chinook,TOYOTA,1
WA,Cinebar,CHEVROLET,1
WA,Clarkston,TOYOTA,6
WA,Clayton,BMW,1
WA,Cle Elum,TESLA,27
WA,Clearlake,TESLA,1
WA,Clinton,TESLA,24
WA,Clyde Hill,TESLA,54
WA,Colbert,JEEP,11
WA,Colfax,TESLA,3
WA,College Place,TOYOTA,5
WA,Colton,FORD,1
WA,Colville,TESLA,6
WA,Concrete,NISSAN,5
WA,Connell,CHEVROLET,3
WA,Copalis Beach,AUDI,1
WA,Cosmopolis,JEEP,2
WA,Cougar,TESLA,1
WA,Coulee City,TESLA,2
WA,Coulee Dam,CHEVROLET,1
WA,Coupeville,NISSAN,22
WA,Covington,TESLA,29
WA,Cowiche,CHEVROLET,1
WA,Curlew,BMW,1
WA,Curtis,FORD,1
WA,Cusick,CHEVROLET,1
WA,Custer,NISSAN,4
WA,Dallesport,CADILLAC,1
WA,Darrington,TESLA,2
WA,Davenport,CHEVROLET,3
WA,Dayton,TESLA,2
WA,Deer Park,JEEP,5
WA,Deming,CHEVROLET,2
WA,Des Moines,NISSAN,33
WA,Dupont,NISSAN,12
WA,Duvall,NISSAN,62
WA,East Wenatchee,NISSAN,34
WA,Easton,CHEVROLET,1
WA,Eastsound,TESLA,25
WA,Eatonville,NISSAN,9
WA,Edgewood,TESLA,14
WA,Edmonds,NISSAN,208
WA,Edwall,KIA,1
WA,Elbe,TESLA,1
WA,Electric City,FORD,1
WA,Elk,NISSAN,3
WA,Ellensburg,NISSAN,15
WA,Elma,NISSAN,7
WA,Eltopia,CADILLAC,1
WA,Endicott,NISSAN,1
WA,Entiat,NISSAN,4
WA,Enumclaw,CHEVROLET,37
WA,Ephrata,JEEP,10
WA,Ethel,FORD,1
WA,Evans,AUDI,1
WA,Everett,NISSAN,268
WA,Everson,NISSAN,8
WA,Fairchild Air Force Base,NISSAN,2
WA,Fairfield,JEEP,1
WA,Fall City,TESLA,14
WA,Federal Way,NISSAN,104
WA,Ferndale,NISSAN,46
WA,Fife,JEEP,23
WA,Fircrest,NISSAN,19
WA,Ford,MITSUBISHI,1
WA,Forks,CHEVROLET,2
WA,Fox Island,TESLA,17
WA,Freeland,NISSAN,21
WA,Friday Harbor,CHEVROLET,49
WA,Garfield,TESLA,1
WA,Gig Harbor,TESLA,130
WA,Glacier,KIA,2
WA,Glenoma,HONDA,1
WA,Gold Bar,CHEVROLET,7
WA,Goldendale,CHEVROLET,5
WA,Graham,NISSAN,22
WA,Grand Coulee,BMW,1
WA,Grandview,TESLA,6
WA,Granger,FORD,1
WA,Granite Falls,NISSAN,17
WA,Grapeview,TESLA,7
WA,Grayland,CHEVROLET,1
WA,Grays River,TESLA,1
WA,Greenacres,TESLA,12
WA,Greenbank,CHEVROLET,9
WA,Hansville,TESLA,7
WA,Hoodsport,CHEVROLET,4
WA,Hoquiam,CHEVROLET,5
WA,Hunts Point,PORSCHE,6
WA,Husum,TOYOTA,3
WA,Ilwaco,KIA,2
WA,Index,CHEVROLET,1
WA,Indianola,CHEVROLET,4
WA,Ione,TOYOTA,1
WA,Issaquah,TESLA,161
WA,Joint Base Lewis Mcchord,KIA,12
WA,Kalama,CHEVROLET,8
WA,Kapowsin,TESLA,1
WA,Kelso,CHEVROLET,15
WA,Kenmore,NISSAN,98
WA,Kennewick,TESLA,67
WA,Kent,NISSAN,182
WA,Kettle Falls,CHEVROLET,3
WA,Keyport,TESLA,2
WA,Kingston,TESLA,33
WA,Kirkland,TESLA,290
WA,Kittitas,KIA,1
WA,La Center,CHEVROLET,16
WA,La Conner,FORD,8
WA,Lacey,NISSAN,70
WA,Lake Forest Park,NISSAN,78
WA,Lake Stevens,NISSAN,96
WA,Lake Tapps,TESLA,26
WA,Lakebay,CHEVROLET,8
WA,Lakewood,NISSAN,53
WA,Langley,TESLA,24
WA,Leavenworth,TESLA,22
WA,Lebam,HYUNDAI,1
WA,Liberty Lake,FORD,15
WA,Lilliwaup,FORD,2
WA,Lincoln,SUBARU,1
WA,Long Beach,KIA,5
WA,Longbranch,CHEVROLET,3
WA,Longview,NISSAN,26
WA,Loon Lake,JEEP,2
WA,Lopez Island,CHEVROLET,10
WA,Lummi Island,CHEVROLET,4
WA,Lyle,SUBARU,2
WA,Lyman,CHEVROLET,1
WA,Lynden,CHEVROLET,15
WA,Lynnwood,NISSAN,188
WA,Mabton,CHEVROLET,1
WA,Malaga,CHEVROLET,3
WA,Mansfield,FORD,1
WA,Manson,TESLA,6
WA,Maple Falls,NISSAN,6
WA,Maple Valley,NISSAN,93
WA,Marlin,TESLA,1
WA,Marysville,NISSAN,95
WA,Mattawa,TESLA,3
WA,Mazama,CHEVROLET,2
WA,Mccleary,CHEVROLET,5
WA,Mead,CHEVROLET,7
WA,Medical Lake,FORD,6
WA,Medina,TESLA,61
WA,Menlo,CHEVROLET,1
WA,Mercer Island,TESLA,194
WA,Mesa,CHRYSLER,1
WA,Methow,FORD,1
WA,Mica,TESLA,1
WA,Mill Creek,NISSAN,45
WA,Milton,CHEVROLET,7
WA,Mineral,FORD,2
WA,Moclips,NISSAN,1
WA,Monroe,NISSAN,46
WA,Montesano,CHEVROLET,8
WA,Morton,CHEVROLET,2
WA,Moses Lake,TESLA,21
WA,Mossyrock,TESLA,4
WA,Mount Vernon,NISSAN,54
WA,Mountlake Terrace,NISSAN,59
WA,Moxee,NISSAN,3
WA,Mukilteo,NISSAN,54
WA,Murdock,JEEP,1
WA,Naches,TOYOTA,3
WA,Nahcotta,POLESTAR,1
WA,Napavine,JEEP,1
WA,Naselle,CHRYSLER,2
WA,Neah Bay,CHEVROLET,1
WA,Newcastle,TESLA,64
WA,Newman Lake,JEEP,4
WA,Newport,FORD,4
WA,Nine Mile Falls,TESLA,11
WA,Nooksack,NISSAN,2
WA,Nordland,TESLA,7
WA,Normandy Park,NISSAN,23
WA,North Bend,CHEVROLET,33
WA,North Bonneville,BMW,1
WA,North Cove,JEEP,1
WA,Oak Harbor,NISSAN,31
WA,Oakesdale,TESLA,1
WA,Oakville,CHEVROLET,2
WA,Ocean Park,TESLA,4
WA,Ocean Shores,JEEP,15
WA,Odessa,BMW,1
WA,Okanogan,CHRYSLER,1
WA,Olalla,HYUNDAI,10
WA,Olga,TESLA,4
WA,Olympia,TESLA,830
WA,Omak,FORD,2
WA,Onalaska,TOYOTA,4
WA,Orcas,HYUNDAI,1
WA,Orcas Is,CHEVROLET,1
WA,Orondo,TESLA,5
WA,Oroville,TESLA,2
WA,Orting,FORD,15
WA,Othello,TESLA,4
WA,Otis Orchards,NISSAN,5
WA,Outlook,CHEVROLET,1
WA,Oysterville,CHEVROLET,1
WA,Pacific,CHEVROLET,5
WA,Pacific Beach,TESLA,3
WA,Packwood,TESLA,3
WA,Palisades,TESLA,1
WA,Palouse,TESLA,2
WA,Parker,TESLA,1
WA,Parkland,FORD,9
WA,Pasc,TOYOTA,1
WA,Pasco,TESLA,39
WA,Pateros,CHEVROLET,1
WA,Peshastin,NISSAN,3
WA,Point Roberts,NISSAN,6
WA,Port Angeles,TESLA,68
WA,Port Gamble,TESLA,1
WA,Port Hadlock,FORD,5
WA,Port Ludlow,NISSAN,20
WA,Port Orchard,NISSAN,92
WA,Port Townsend,TESLA,55
WA,Poulsbo,NISSAN,99
WA,Pouslbo,VOLVO,1
WA,Preston,RIVIAN,3
WA,Prosser,FORD,10
WA,Pullman,TOYOTA,19
WA,Puyallup,NISSAN,91
WA,Quilcene,TESLA,5
WA,Quinault,LINCOLN,1
WA,Quincy,TESLA,8
WA,Rainier,TESLA,7
WA,Randle,CHRYSLER,1
WA,Ravensdale,CHEVROLET,4
WA,Raymond,KIA,3
WA,Reardan,CHEVROLET,1
WA,Redmond,TESLA,377
WA,Renton,NISSAN,274
WA,Republic,TOYOTA,2
WA,Rice,KIA,1
WA,Richland,NISSAN,56
WA,Ridgefield,NISSAN,50
WA,Ritzville,CHEVROLET,2
WA,Rochester,CHEVROLET,12
WA,Rock Island,TESLA,3
WA,Rockford,SUBARU,1
WA,Ronald,TESLA,7
WA,Rosalia,FORD,2
WA,Rosburg,NISSAN,1
WA,Roslyn,TESLA,3
WA,Roy,NISSAN,10
WA,Royal City,TESLA,4
WA,Ruston,CHEVROLET,2
WA,Ryderwood,NISSAN,1
WA,Sammamish,TESLA,1248
WA,Seabeck,FORD,8
WA,Seatac,JEEP,346
WA,Seattle,TESLA,680
WA,Seaview,CHRYSLER,1
WA,Sedro Woolley,CHEVROLET,6
WA,Sedro-Woolley,NISSAN,21
WA,Sekiu,JEEP,1
WA,Selah,TESLA,12
WA,Sequim,NISSAN,64
WA,Seven Bays,RIVIAN,1
WA,Shaw Island,AUDI,1
WA,Shelton,NISSAN,34
WA,Shoreline,NISSAN,277
WA,Silver Creek,TESLA,2
WA,Silverdale,NISSAN,27
WA,Silverlake,TESLA,4
WA,Skamokawa,TESLA,2
WA,Skykomish,CHEVROLET,1
WA,Snohomish,NISSAN,168
WA,Snoqualmie,FORD,40
WA,Snoqualmie Pass,BMW,3
WA,Snowden,AUDI,1
WA,Soap Lake,TESLA,3
WA,South Bend,CADILLAC,1
WA,South Cle Elum,RIVIAN,1
WA,South Hill,NISSAN,32
WA,South Prairie,HYUNDAI,1
WA,Spanaway,NISSAN,33
WA,Spangle,CHEVROLET,2
WA,Spokane,NISSAN,193
WA,Spokane Valley,CHRYSLER,105
WA,Sprague,KIA,1
WA,Springdale,TESLA,1
WA,Stanwood,TESLA,39
WA,Steilacoom,TOYOTA,14
WA,Stevenson,CHEVROLET,5
WA,Sultan,CHEVROLET,16
WA,Sumas,JEEP,2
WA,Sumner,RIVIAN,86
WA,Sunnyside,JEEP,6
WA,Suquamish,CHEVROLET,7
WA,Surfside,TOYOTA,3
WA,Tacoma,NISSAN,413
WA,Taholah,HYUNDAI,1
WA,Tahuya,TESLA,6
WA,Tekoa,SUBARU,1
WA,Tenino,CHEVROLET,13
WA,Thorp,CHRYSLER,1
WA,Tieton,CHEVROLET,1
WA,Tokeland,VOLVO,1
WA,Toledo,TESLA,4
WA,Tonasket,TESLA,3
WA,Toppenish,TESLA,4
WA,Touchet,FORD,1
WA,Toutle,CHEVROLET,1
WA,Trout Lake,TOYOTA,5
WA,Tukwila,JEEP,750
WA,Tulalip,NISSAN,1
WA,Tumwater,NISSAN,78
WA,Twisp,TESLA,5
WA,Underwood,CHRYSLER,2
WA,Union,CHRYSLER,3
WA,Union Gap,TOYOTA,2
WA,Uniontown,FORD,1
WA,University Place,NISSAN,61
WA,Vader,CHEVROLET,1
WA,Valley,TOYOTA,2
WA,Valleyford,FORD,2
WA,Vancouver,NISSAN,523
WA,Vashon,TESLA,63
WA,Vaughn,TOYOTA,3
WA,Veradale,TESLA,5
WA,Waitsburg,AUDI,1
WA,Walla Walla,NISSAN,35
WA,Walla Walla Co,TESLA,1
WA,Wapato,TESLA,2
WA,Warden,BMW,1
WA,Washougal,TESLA,38
WA,Waterville,CHEVROLET,1
WA,Wenatchee,NISSAN,46
WA,West Richland,CHEVROLET,18
WA,Westport,TESLA,2
WA,White Salmon,CHEVROLET,12
WA,Wilbur,LEXUS,1
WA,Wilkeson,NISSAN,1
WA,Willapa,TESLA,1
WA,Winlock,CHEVROLET,10
WA,Winthrop,VOLKSWAGEN,11
WA,Woodinville,TESLA,136
WA,Woodland,TESLA,14
WA,Woodway,RIVIAN,9
WA,Yacolt,NISSAN,5
WA,Yakima,CHEVROLET,43
WA,Yarrow Point,TESLA,23
WA,Yelm,NISSAN,21
WA,Zillah,NISSAN,4
WA,Aberdeen,NISSAN,12
WA,Acme,FORD,1
WA,Addy,VOLKSWAGEN,1
WA,Airway Heights,NISSAN,4
WA,Algona,CHEVROLET,2
WA,Allyn,JEEP,5
WA,Amanda Park,TOYOTA,1
WA,Amboy,CHEVROLET,2
WA,Anacortes,CHEVROLET,49
WA,Anderson Island,NISSAN,4
WA,Ariel,TOYOTA,2
WA,Arlington,TESLA,30
WA,Ashford,FORD,2
WA,Asotin,CHEVROLET,1
WA,Auburn,NISSAN,104
WA,Bainbridge Island,VOLKSWAGEN,79
WA,Baring,RIVIAN,1
WA,Battle Ground,TESLA,25
WA,Beaux Arts,NISSAN,3
WA,Belfair,NISSAN,13
WA,Bellevue,TESLA,2285
WA,Bellingham,VOLKSWAGEN,176
WA,Benton City,CHEVROLET,4
WA,Bingen,CHEVROLET,1
WA,Black Diamond,TESLA,19
WA,Blaine,TESLA,25
WA,Bonney Lake,FORD,44
WA,Bothell,TESLA,266
WA,Bow,NISSAN,10
WA,Bremerton,CHEVROLET,60
WA,Brewster,CHEVROLET,1
WA,Bridgeport Bar,LUCID,1
WA,Brier,HYUNDAI,14
WA,Brinnon,TESLA,3
WA,Brush Prairie,NISSAN,22
WA,Buckley,TESLA,16
WA,Burbank,CADILLAC,1
WA,Burien,CHEVROLET,57
WA,Burlington,CHEVROLET,11
WA,Bz Corner,KIA,1
WA,Camano Island,NISSAN,28
WA,Camas,TESLA,93
WA,Carbonado,TESLA,2
WA,Carlton,MINI,1
WA,Carnation,CHEVROLET,22
WA,Carson,TOYOTA,2
WA,Cashmere,CHEVROLET,6
WA,Castle Rock,CHEVROLET,6
WA,Cathlamet,FORD,4
WA,Centerville,TESLA,1
WA,Centralia,TESLA,26
WA,Chattaroy,MITSUBISHI,3
WA,Chehalis,FORD,16
WA,Chelan,TESLA,17
WA,Cheney,CHEVROLET,9
WA,Chewelah,FORD,2
WA,Chimacum,CHEVROLET,2
WA,Cinebar,CHEVROLET,1
WA,Clarkston,TOYOTA,6
WA,Clayton,CHEVROLET,1
WA,Cle Elum,TESLA,17
WA,Clinton,CHEVROLET,18
WA,Clyde Hill,TESLA,44
WA,Colbert,TESLA,6
WA,Colfax,TESLA,3
WA,College Place,CHEVROLET,4
WA,Colton,TOYOTA,1
WA,Colville,CHEVROLET,5
WA,Concrete,TESLA,4
WA,Connell,AUDI,1
WA,Copalis Beach,CHEVROLET,1
WA,Cosmopolis,JEEP,2
WA,Coulee City,CHEVROLET,1
WA,Coulee Dam,FORD,1
WA,Coupeville,HYUNDAI,14
WA,Covington,NISSAN,27
WA,Cowiche,CHEVROLET,1
WA,Curlew,BMW,1
WA,Curtis,FORD,1
WA,Cusick,CHRYSLER,1
WA,Custer,CHEVROLET,3
WA,Dallesport,CHEVROLET,1
WA,Darrington,CHEVROLET,1
WA,Davenport,TOYOTA,3
WA,Dayton,TESLA,2
WA,Deer Park,NISSAN,6
WA,Deming,FORD,2
WA,Des Moines,CHEVROLET,24
WA,Dupont,JEEP,9
WA,Duvall,CHEVROLET,29
WA,East Wenatchee,TESLA,20
WA,Easton,FORD,1
WA,Eastsound,CHEVROLET,16
WA,Eatonville,FORD,8
WA,Edgewood,CHEVROLET,13
WA,Edmonds,TESLA,80
WA,Edwall,TESLA,1
WA,Electric City,FORD,1
WA,Elk,TESLA,3
WA,Ellensburg,FORD,15
WA,Elma,CHRYSLER,4
WA,Eltopia,FORD,1
WA,Endicott,TESLA,1
WA,Entiat,FORD,3
WA,Enumclaw,TESLA,26
WA,Ephrata,FORD,7
WA,Ethel,HYUNDAI,1
WA,Evans,CHEVROLET,1
WA,Everett,CHEVROLET,154
WA,Everson,CHEVROLET,7
WA,Fairchild Air Force Base,TESLA,2
WA,Fall City,NISSAN,12
WA,Federal Way,TESLA,69
WA,Ferndale,CHEVROLET,23
WA,Fife,CHEVROLET,10
WA,Fircrest,TESLA,7
WA,Ford,SUBARU,1
WA,Forks,FORD,2
WA,Fox Island,RIVIAN,13
WA,Freeland,CHEVROLET,16
WA,Friday Harbor,TESLA,33
WA,Garfield,TESLA,1
WA,Gig Harbor,NISSAN,117
WA,Glacier,AUDI,1
WA,Glenoma,KIA,1
WA,Gold Bar,TESLA,5
WA,Goldendale,TOYOTA,5
WA,Graham,JEEP,20
WA,Grand Coulee,FORD,1
WA,Grandview,JEEP,4
WA,Granger,HONDA,1
WA,Granite Falls,TESLA,14
WA,Grapeview,CHEVROLET,6
WA,Grayland,CHEVROLET,1
WA,Grays River,VOLKSWAGEN,1
WA,Greenacres,FORD,8
WA,Greenbank,TESLA,9
WA,Hansville,CHEVROLET,5
WA,Hoodsport,CHEVROLET,4
WA,Hoquiam,FORD,6
WA,Hunts Point,TESLA,6
WA,Husum,AUDI,2
WA,Ilwaco,RIVIAN,2
WA,Index,NISSAN,1
WA,Indianola,HYUNDAI,4
WA,Issaquah,TESLA,139
WA,Joint Base Lewis Mcchord,CHRYSLER,5
WA,Kalama,NISSAN,7
WA,Kapowsin,TESLA,1
WA,Kelso,NISSAN,13
WA,Kenmore,TESLA,41
WA,Kennewick,NISSAN,54
WA,Kent,TESLA,106
WA,Kettle Falls,KIA,3
WA,Keyport,CHEVROLET,1
WA,Kingston,CHEVROLET,16
WA,Kirkland,TESLA,318
WA,Kittitas,NISSAN,1
WA,La Center,TESLA,15
WA,La Conner,KIA,8
WA,Lacey,KIA,52
WA,Lake Forest Park,CHEVROLET,33
WA,Lake Stevens,TESLA,67
WA,Lake Tapps,TESLA,21
WA,Lakebay,CHEVROLET,7
WA,Lakewood,RIVIAN,193
WA,Langley,NISSAN,20
WA,Leavenworth,NISSAN,23
WA,Liberty Lake,KIA,12
WA,Lilliwaup,AUDI,1
WA,Lincoln,TESLA,1
WA,Long Beach,CHEVROLET,4
WA,Longbranch,KIA,3
WA,Longview,CHEVROLET,24
WA,Loon Lake,TESLA,2
WA,Lopez Island,TESLA,10
WA,Lummi Island,TOYOTA,4
WA,Lyle,TOYOTA,2
WA,Lynden,JEEP,16
WA,Lynnwood,TESLA,102
WA,Mabton,CHEVROLET,1
WA,Malaga,TESLA,3
WA,Mansfield,NISSAN,1
WA,Manson,NISSAN,5
WA,Maple Falls,TESLA,5
WA,Maple Valley,TESLA,70
WA,Marysville,TESLA,61
WA,Mattawa,JEEP,2
WA,Mazama,FORD,2
WA,Mccleary,JEEP,4
WA,Mead,KIA,6
WA,Medical Lake,CHEVROLET,3
WA,Medina,TESLA,45
WA,Menlo,FORD,1
WA,Mercer Island,TESLA,159
WA,Mesa,FORD,1
WA,Methow,SUBARU,1
WA,Mill Creek,TESLA,30
WA,Milton,NISSAN,7
WA,Mineral,TESLA,2
WA,Moclips,TESLA,1
WA,Monroe,TESLA,33
WA,Montesano,JEEP,8
WA,Morton,TOYOTA,2
WA,Moses Lake,CHEVROLET,19
WA,Mossyrock,BMW,2
WA,Mount Vernon,CHEVROLET,44
WA,Mountlake Terrace,FORD,19
WA,Moxee,CHEVROLET,2
WA,Mukilteo,TESLA,43
WA,Murdock,RIVIAN,1
WA,Naches,JEEP,2
WA,Nahcotta,VOLKSWAGEN,1
WA,Napavine,KIA,1
WA,Naselle,TESLA,2
WA,Neah Bay,CHEVROLET,1
WA,Newcastle,TESLA,55
WA,Newman Lake,CHEVROLET,3
WA,Newport,NISSAN,4
WA,Nine Mile Falls,NISSAN,11
WA,Nooksack,CHEVROLET,1
WA,Nordland,TESLA,6
WA,Normandy Park,CHEVROLET,16
WA,North Bend,VOLKSWAGEN,28
WA,North Bonneville,BMW,1
WA,North Cove,KIA,1
WA,Oak Harbor,CHEVROLET,27
WA,Oakville,CHRYSLER,2
WA,Ocean Park,CHEVROLET,3
WA,Ocean Shores,CHEVROLET,9
WA,Odessa,CHEVROLET,1
WA,Okanogan,FORD,1
WA,Olalla,NISSAN,8
WA,Olga,TOYOTA,3
WA,Olympia,VOLKSWAGEN,276
WA,Omak,BMW,1
WA,Onalaska,CHEVROLET,3
WA,Orcas,PORSCHE,1
WA,Orcas Is,FORD,1
WA,Orondo,FORD,3
WA,Oroville,CADILLAC,1
WA,Orting,CHEVROLET,12
WA,Othello,CADILLAC,3
WA,Otis Orchards,TESLA,5
WA,Outlook,CHRYSLER,1
WA,Oysterville,TESLA,1
WA,Pacific,CHRYSLER,5
WA,Pacific Beach,TESLA,4
WA,Packwood,CHEVROLET,2
WA,Palouse,TOYOTA,2
WA,Parkland,CHEVROLET,8
WA,Pasco,CHEVROLET,32
WA,Pateros,HONDA,1
WA,Peshastin,TESLA,2
WA,Point Roberts,TESLA,4
WA,Port Angeles,CHEVROLET,39
WA,Port Hadlock,TESLA,5
WA,Port Ludlow,VOLKSWAGEN,11
WA,Port Orchard,CHEVROLET,81
WA,Port Townsend,TESLA,64
WA,Poulsbo,TESLA,32
WA,Preston,BMW,2
WA,Prosser,CHEVROLET,6
WA,Pullman,CHEVROLET,17
WA,Puyallup,CHEVROLET,54
WA,Quilcene,TESLA,4
WA,Quinault,RIVIAN,1
WA,Quincy,JEEP,6
WA,Rainier,VOLKSWAGEN,6
WA,Randle,FORD,1
WA,Ravensdale,FORD,4
WA,Raymond,KIA,3
WA,Reardan,CHEVROLET,1
WA,Redmond,NISSAN,435
WA,Renton,TESLA,202
WA,Republic,CHEVROLET,1
WA,Rice,TOYOTA,1
WA,Richland,FORD,47
WA,Ridgefield,TESLA,47
WA,Ritzville,FORD,2
WA,Riverside,FORD,1
WA,Rochester,NISSAN,11
WA,Rock Island,CHEVROLET,2
WA,Rockford,TESLA,1
WA,Ronald,AUDI,2
WA,Rosalia,TESLA,2
WA,Rosburg,TESLA,1
WA,Roslyn,TOYOTA,3
WA,Roy,CHEVROLET,9
WA,Royal City,TESLA,3
WA,Ruston,CHRYSLER,2
WA,Sammamish,TESLA,283
WA,Seabeck,CHEVROLET,4
WA,Seatac,CHRYSLER,75
WA,Seattle,VOLVO,566
WA,Seaview,FORD,1
WA,Sedro Woolley,NISSAN,6
WA,Sedro-Woolley,CHEVROLET,16
WA,Sekiu,NISSAN,1
WA,Selah,CHEVROLET,7
WA,Sequim,CHEVROLET,45
WA,Seven Bays,TESLA,1
WA,Shaw Island,BMW,1
WA,Shelton,CHEVROLET,32
WA,Shoreline,TESLA,69
WA,Silver Creek,FORD,1
WA,Silverdale,FORD,21
WA,Silverlake,TESLA,3
WA,Skamokawa,RIVIAN,1
WA,Skykomish,KIA,1
WA,Snohomish,TESLA,115
WA,Snoqualmie,RIVIAN,43
WA,Snoqualmie Pass,RIVIAN,2
WA,Snowden,CADILLAC,1
WA,Soap Lake,TOYOTA,3
WA,South Bend,CHEVROLET,1
WA,South Cle Elum,TESLA,1
WA,South Hill,TESLA,24
WA,South Prairie,TESLA,1
WA,Spanaway,FORD,24
WA,Spangle,HONDA,2
WA,Spokane,CHEVROLET,123
WA,Spokane Valley,NISSAN,49
WA,Stanwood,NISSAN,32
WA,Steilacoom,NISSAN,13
WA,Stevenson,FORD,3
WA,Sultan,FORD,16
WA,Sumas,TESLA,2
WA,Sumner,NISSAN,11
WA,Sunnyside,NISSAN,6
WA,Suquamish,KIA,6
WA,Surfside,KIA,2
WA,Tacoma,FORD,143
WA,Taholah,JEEP,1
WA,Tahuya,NISSAN,3
WA,Tenino,NISSAN,11
WA,Thorp,FORD,1
WA,Tieton,FORD,1
WA,Toledo,TESLA,4
WA,Tonasket,TESLA,3
WA,Toppenish,VOLKSWAGEN,2
WA,Touchet,HONDA,1
WA,Toutle,FORD,1
WA,Trout Lake,FORD,3
WA,Tukwila,RIVIAN,113
WA,Tulalip,RIVIAN,1
WA,Tumwater,CHEVROLET,73
WA,Twisp,RIVIAN,4
WA,Underwood,FORD,2
WA,Union,RIVIAN,3
WA,Union Gap,CHEVROLET,1
WA,Uniontown,JEEP,1
WA,University Place,TESLA,28
WA,Vader,CHEVROLET,1
WA,Valley,FIAT,1
WA,Valleyford,KIA,2
WA,Vancouver,TESLA,266
WA,Vashon,CHEVROLET,35
WA,Vaughn,FORD,2
WA,Veradale,TESLA,4
WA,Waitsburg,CHEVROLET,1
WA,Walla Walla,TOYOTA,28
WA,Wapato,BMW,1
WA,Warden,CHEVROLET,1
WA,Washougal,CHEVROLET,26
WA,Waterville,SUBARU,1
WA,Wenatchee,CHEVROLET,24
WA,West Richland,TESLA,17
WA,Westport,TOYOTA,2
WA,White Salmon,TOYOTA,10
WA,Wilbur,TESLA,1
WA,Wilkeson,TESLA,1
WA,Willapa,TOYOTA,1
WA,Winlock,JEEP,8
WA,Winthrop,CHEVROLET,9
WA,Woodinville,TESLA,156
WA,Woodland,CHRYSLER,9
WA,Woodway,TESLA,8
WA,Yacolt,FORD,4
WA,Yakima,TESLA,35
WA,Yarrow Point,TESLA,15
WA,Yelm,JEEP,19
WA,Zillah,JEEP,3
WA,Aberdeen,FORD,11
WA,Acme,FORD,1
WA,Airway Heights,FORD,2
WA,Algona,HONDA,2
WA,Allyn,BMW,3
WA,Amboy,TESLA,2
WA,Anacortes,TESLA,45
WA,Anderson Island,TESLA,4
WA,Ariel,TOYOTA,2
WA,Arlington,FORD,30
WA,Ashford,AUDI,1
WA,Asotin,FORD,1
WA,Auburn,TESLA,83
WA,Bainbridge Island,TESLA,80
WA,Baring,TESLA,1
WA,Battle Ground,TESLA,24
WA,Beaux Arts,RIVIAN,3
WA,Belfair,TESLA,11
WA,Bellevue,NISSAN,502
WA,Bellingham,CHEVROLET,173
WA,Benton City,CHEVROLET,4
WA,Bingen,MINI,1
WA,Black Diamond,TESLA,19
WA,Blaine,CHEVROLET,23
WA,Bonney Lake,NISSAN,46
WA,Bothell,TESLA,193
WA,Bow,CHEVROLET,5
WA,Bremerton,FORD,55
WA,Brewster,HYUNDAI,1
WA,Bridgeport Bar,RIVIAN,1
WA,Brier,TESLA,10
WA,Brinnon,FORD,2
WA,Brush Prairie,TOYOTA,14
WA,Buckley,FORD,16
WA,Burbank,CHEVROLET,1
WA,Burien,TESLA,36
WA,Burlington,RIVIAN,103
WA,Bz Corner,RIVIAN,1
WA,Camano Island,VOLKSWAGEN,27
WA,Camas,TESLA,68
WA,Carbonado,CHEVROLET,1
WA,Carlton,NISSAN,1
WA,Carnation,FORD,17
WA,Carson,CHEVROLET,1
WA,Cashmere,TESLA,5
WA,Castle Rock,FORD,5
WA,Cathlamet,TESLA,4
WA,Centerville,TOYOTA,1
WA,Centralia,JEEP,25
WA,Chattaroy,VOLKSWAGEN,3
WA,Chehalis,NISSAN,16
WA,Chelan,NISSAN,8
WA,Cheney,FORD,7
WA,Chewelah,TOYOTA,2
WA,Chimacum,CHEVROLET,2
WA,Cinebar,FORD,1
WA,Clarkston,CHEVROLET,5
WA,Clayton,FORD,1
WA,Cle Elum,RIVIAN,17
WA,Clinton,TOYOTA,12
WA,Clyde Hill,PORSCHE,15
WA,Colbert,CHEVROLET,5
WA,Colfax,TOYOTA,3
WA,College Place,HONDA,5
WA,Colton,VOLKSWAGEN,1
WA,Colville,NISSAN,4
WA,Concrete,TESLA,4
WA,Connell,AUDI,1
WA,Copalis Beach,HYUNDAI,1
WA,Cosmopolis,TOYOTA,2
WA,Coulee City,CHEVROLET,1
WA,Coulee Dam,JEEP,1
WA,Coupeville,CHEVROLET,10
WA,Covington,TESLA,25
WA,Cowiche,VOLKSWAGEN,1
WA,Curlew,TESLA,1
WA,Curtis,FORD,1
WA,Cusick,FORD,1
WA,Custer,FORD,2
WA,Dallesport,FORD,1
WA,Darrington,FORD,1
WA,Davenport,BMW,1
WA,Deer Park,CHEVROLET,4
WA,Deming,FORD,2
WA,Des Moines,VOLKSWAGEN,25
WA,Dupont,FORD,7
WA,Duvall,TESLA,27
WA,East Wenatchee,CHEVROLET,17
WA,Easton,FORD,1
WA,Eastsound,TESLA,16
WA,Eatonville,TESLA,7
WA,Edgewood,TESLA,12
WA,Edmonds,VOLKSWAGEN,79
WA,Edwall,TESLA,1
WA,Electric City,VOLKSWAGEN,1
WA,Elk,KIA,2
WA,Ellensburg,CHEVROLET,14
WA,Elma,FORD,4
WA,Eltopia,LINCOLN,1
WA,Endicott,TOYOTA,1
WA,Entiat,FORD,2
WA,Enumclaw,FORD,17
WA,Ephrata,JEEP,6
WA,Ethel,LINCOLN,1
WA,Evans,TESLA,1
WA,Everett,CHEVROLET,103
WA,Everson,TESLA,4
WA,Fairchild Air Force Base,AUDI,1
WA,Fall City,TESLA,10
WA,Federal Way,CHEVROLET,52
WA,Ferndale,TESLA,19
WA,Fife,BMW,8
WA,Fircrest,CHEVROLET,6
WA,Forks,JEEP,2
WA,Fox Island,TOYOTA,10
WA,Freeland,CHEVROLET,14
WA,Friday Harbor,TESLA,29
WA,Garfield,TOYOTA,1
WA,Gig Harbor,TESLA,61
WA,Glacier,BMW,1
WA,Glenoma,KIA,1
WA,Gold Bar,JEEP,4
WA,Goldendale,TESLA,3
WA,Graham,KIA,19
WA,Grand Coulee,HONDA,1
WA,Grandview,TESLA,3
WA,Granger,JEEP,1
WA,Granite Falls,CHEVROLET,10
WA,Grapeview,FORD,6
WA,Grayland,FORD,1
WA,Greenacres,JEEP,7
WA,Greenbank,TESLA,8
WA,Hansville,NISSAN,5
WA,Hoodsport,NISSAN,4
WA,Hoquiam,FORD,4
WA,Hunts Point,TESLA,5
WA,Husum,CHEVROLET,1
WA,Ilwaco,TOYOTA,2
WA,Index,TESLA,1
WA,Indianola,TESLA,4
WA,Issaquah,NISSAN,146
WA,Joint Base Lewis Mcchord,FORD,5
WA,Kalama,CHEVROLET,7
WA,Kelso,JEEP,12
WA,Kenmore,TESLA,38
WA,Kennewick,CHEVROLET,47
WA,Kent,TESLA,106
WA,Kettle Falls,CHEVROLET,2
WA,Keyport,CHEVROLET,1
WA,Kingston,CHEVROLET,13
WA,Kirkland,NISSAN,299
WA,Kittitas,TESLA,1
WA,La Center,FORD,13
WA,La Conner,CHEVROLET,6
WA,Lacey,JEEP,40
WA,Lake Forest Park,TESLA,30
WA,Lake Stevens,FORD,58
WA,Lake Tapps,FORD,12
WA,Lakebay,NISSAN,7
WA,Lakewood,CHEVROLET,36
WA,Langley,KIA,14
WA,Leavenworth,RIVIAN,15
WA,Liberty Lake,TESLA,12
WA,Lilliwaup,BMW,1
WA,Long Beach,FORD,4
WA,Longbranch,CHEVROLET,2
WA,Longview,TESLA,16
WA,Loon Lake,TOYOTA,2
WA,Lopez Island,HYUNDAI,8
WA,Lummi Island,FORD,3
WA,Lyle,BMW,1
WA,Lynden,NISSAN,17
WA,Lynnwood,TESLA,90
WA,Mabton,CHRYSLER,1
WA,Malaga,TESLA,3
WA,Mansfield,TESLA,1
WA,Manson,RIVIAN,4
WA,Maple Falls,CHEVROLET,4
WA,Maple Valley,FORD,61
WA,Marysville,TESLA,56
WA,Mattawa,AUDI,1
WA,Mazama,RIVIAN,2
WA,Mccleary,VOLKSWAGEN,3
WA,Mead,SUBARU,7
WA,Medical Lake,FORD,3
WA,Medina,RIVIAN,15
WA,Menlo,FORD,1
WA,Mercer Island,NISSAN,118
WA,Mesa,SUBARU,1
WA,Methow,TESLA,1
WA,Mill Creek,TESLA,29
WA,Milton,KIA,4
WA,Mineral,TESLA,2
WA,Moclips,TOYOTA,1
WA,Monroe,CHEVROLET,35
WA,Montesano,VOLKSWAGEN,8
WA,Morton,AUDI,1
WA,Moses Lake,FORD,22
WA,Mossyrock,CHEVROLET,2
WA,Mount Vernon,TESLA,39
WA,Mountlake Terrace,CHEVROLET,17
WA,Moxee,FORD,2
WA,Mukilteo,VOLKSWAGEN,30
WA,Murdock,TESLA,1
WA,Naches,TESLA,2
WA,Nahcotta,VOLVO,1
WA,Napavine,TESLA,1
WA,Naselle,TOYOTA,2
WA,Neah Bay,CHRYSLER,1
WA,Newcastle,NISSAN,43
WA,Newman Lake,KIA,3
WA,Newport,BMW,2
WA,Nine Mile Falls,JEEP,9
WA,Nooksack,FORD,1
WA,Nordland,CHEVROLET,3
WA,Normandy Park,TESLA,15
WA,North Bend,FORD,28
WA,North Bonneville,CHEVROLET,1
WA,North Cove,LEXUS,1
WA,Oak Harbor,TOYOTA,24
WA,Oakville,TESLA,2
WA,Ocean Park,JEEP,3
WA,Ocean Shores,FORD,9
WA,Odessa,CHEVROLET,1
WA,Okanogan,HYUNDAI,1
WA,Olalla,CHEVROLET,7
WA,Olga,VOLVO,3
WA,Olympia,CHEVROLET,454
WA,Omak,CHEVROLET,1
WA,Onalaska,JEEP,3
WA,Orcas Is,HYUNDAI,1
WA,Orondo,TESLA,3
WA,Oroville,CHEVROLET,1
WA,Orting,CHEVROLET,7
WA,Othello,FORD,3
WA,Otis Orchards,TESLA,5
WA,Outlook,JEEP,1
WA,Pacific,NISSAN,5
WA,Pacific Beach,TOYOTA,2
WA,Packwood,MAZDA,2
WA,Palouse,TOYOTA,2
WA,Parkland,FORD,10
WA,Pasco,NISSAN,37
WA,Pateros,JEEP,1
WA,Peshastin,AUDI,1
WA,Point Roberts,TESLA,4
WA,Port Angeles,CHEVROLET,33
WA,Port Hadlock,NISSAN,4
WA,Port Ludlow,CHEVROLET,9
WA,Port Orchard,FORD,56
WA,Port Townsend,KIA,32
WA,Poulsbo,VOLKSWAGEN,28
WA,Preston,FORD,2
WA,Prosser,CHEVROLET,4
WA,Pullman,NISSAN,18
WA,Puyallup,FORD,53
WA,Quilcene,HYUNDAI,3
WA,Quinault,TESLA,1
WA,Quincy,CHEVROLET,4
WA,Rainier,CHEVROLET,5
WA,Randle,TESLA,1
WA,Ravensdale,FORD,4
WA,Raymond,CHEVROLET,3
WA,Reardan,CHEVROLET,1
WA,Redmond,TESLA,270
WA,Renton,TESLA,175
WA,Republic,CHEVROLET,1
WA,Rice,TOYOTA,1
WA,Richland,CHEVROLET,39
WA,Ridgefield,TOYOTA,40
WA,Ritzville,TESLA,2
WA,Riverside,JEEP,1
WA,Rochester,FORD,10
WA,Rock Island,HONDA,2
WA,Rockford,TESLA,1
WA,Ronald,JEEP,2
WA,Rosalia,CHEVROLET,1
WA,Roslyn,CHEVROLET,2
WA,Roy,KIA,8
WA,Royal City,TESLA,2
WA,Ruston,KIA,2
WA,Sammamish,NISSAN,260
WA,Seabeck,CHEVROLET,4
WA,Seatac,NISSAN,39
WA,Seattle,KIA,894
WA,Seaview,FORD,1
WA,Sedro Woolley,KIA,4
WA,Sedro-Woolley,JEEP,17
WA,Sekiu,TESLA,1
WA,Selah,TOYOTA,7
WA,Sequim,CHEVROLET,34
WA,Shaw Island,CHEVROLET,1
WA,Shelton,CHEVROLET,26
WA,Shoreline,CHEVROLET,79
WA,Silver Creek,FORD,1
WA,Silverdale,CHEVROLET,15
WA,Silverlake,CHEVROLET,2
WA,Skamokawa,TOYOTA,1
WA,Skykomish,NISSAN,1
WA,Snohomish,TESLA,79
WA,Snoqualmie,TESLA,34
WA,Snoqualmie Pass,TESLA,2
WA,Snowden,CHEVROLET,1
WA,Soap Lake,FORD,2
WA,South Bend,CHEVROLET,1
WA,South Cle Elum,TESLA,1
WA,South Hill,CHEVROLET,22
WA,South Prairie,TESLA,1
WA,Spanaway,CHEVROLET,21
WA,Spangle,MITSUBISHI,2
WA,Spokane,TESLA,120
WA,Spokane Valley,JEEP,45
WA,Stanwood,TESLA,22
WA,Steilacoom,TESLA,12
WA,Stevenson,FORD,3
WA,Sultan,NISSAN,13
WA,Sumas,TESLA,2
WA,Sumner,FORD,6
WA,Sunnyside,TESLA,5
WA,Suquamish,TESLA,5
WA,Surfside,TESLA,2
WA,Tacoma,CHEVROLET,154
WA,Taholah,KIA,1
WA,Tahuya,KIA,2
WA,Tenino,CHEVROLET,6
WA,Thorp,KIA,1
WA,Tieton,FORD,1
WA,Toledo,TOYOTA,4
WA,Tonasket,CHRYSLER,2
WA,Toppenish,AUDI,1
WA,Touchet,KIA,1
WA,Toutle,KIA,1
WA,Trout Lake,TESLA,3
WA,Tukwila,MITSUBISHI,76
WA,Tulalip,TESLA,1
WA,Tumwater,CHEVROLET,64
WA,Twisp,TOYOTA,4
WA,Underwood,HYUNDAI,2
WA,Union,TESLA,3
WA,Union Gap,MERCEDES-BENZ,1
WA,University Place,CHEVROLET,30
WA,Vader,HONDA,1
WA,Valley,FORD,1
WA,Valleyford,NISSAN,2
WA,Vancouver,CHEVROLET,222
WA,Vashon,BMW,30
WA,Vaughn,NISSAN,2
WA,Veradale,BMW,3
WA,Waitsburg,CHRYSLER,1
WA,Walla Walla,TESLA,20
WA,Wapato,CADILLAC,1
WA,Warden,CHEVROLET,1
WA,Washougal,JEEP,26
WA,Waterville,TESLA,1
WA,Wenatchee,FORD,20
WA,West Richland,CHEVROLET,15
WA,Westport,VOLKSWAGEN,2
WA,White Salmon,NISSAN,10
WA,Wilbur,TOYOTA,1
WA,Wilkeson,TESLA,1
WA,Winlock,FORD,5
WA,Winthrop,FORD,6
WA,Woodinville,NISSAN,168
WA,Woodland,JEEP,10
WA,Woodway,BMW,6
WA,Yacolt,KIA,3
WA,Yakima,NISSAN,31
WA,Yarrow Point,BMW,8
WA,Yelm,KIA,15
WA,Zillah,KIA,3
WA,Aberdeen,JEEP,11
WA,Acme,HYUNDAI,1
WA,Airway Heights,JEEP,2
WA,Algona,HYUNDAI,2
WA,Allyn,CHEVROLET,3
WA,Amboy,AUDI,1
WA,Anacortes,CHEVROLET,31
WA,Anderson Island,JEEP,2
WA,Ariel,VOLKSWAGEN,2
WA,Arlington,CHEVROLET,26
WA,Ashford,BMW,1
WA,Asotin,JEEP,1
WA,Auburn,CHEVROLET,82
WA,Bainbridge Island,RIVIAN,79
WA,Battle Ground,FORD,26
WA,Beaux Arts,TESLA,3
WA,Belfair,CHEVROLET,7
WA,Bellevue,FORD,156
WA,Bellingham,CHEVROLET,101
WA,Benton City,TESLA,4
WA,Bingen,TESLA,1
WA,Black Diamond,VOLKSWAGEN,12
WA,Blaine,VOLKSWAGEN,22
WA,Bonney Lake,TESLA,38
WA,Bothell,FORD,158
WA,Bow,CHRYSLER,5
WA,Bremerton,CHEVROLET,50
WA,Brewster,JEEP,1
WA,Brier,CHEVROLET,11
WA,Brinnon,CHEVROLET,1
WA,Brush Prairie,FORD,12
WA,Buckley,FORD,16
WA,Burbank,CHEVROLET,1
WA,Burien,VOLKSWAGEN,33
WA,Burlington,CHEVROLET,10
WA,Bz Corner,TESLA,1
WA,Camano Island,CHEVROLET,23
WA,Camas,TOYOTA,57
WA,Carbonado,FORD,2
WA,Carlton,TESLA,1
WA,Carnation,TESLA,17
WA,Carson,CHEVROLET,1
WA,Cashmere,VOLKSWAGEN,4
WA,Castle Rock,JEEP,4
WA,Cathlamet,JEEP,3
WA,Centralia,CHEVROLET,15
WA,Chattaroy,CHEVROLET,2
WA,Chehalis,TESLA,15
WA,Chelan,RIVIAN,9
WA,Cheney,JEEP,7
WA,Chewelah,BMW,1
WA,Chimacum,TESLA,2
WA,Cinebar,HONDA,1
WA,Clarkston,FORD,4
WA,Clayton,VOLKSWAGEN,1
WA,Cle Elum,RIVIAN,10
WA,Clinton,HYUNDAI,12
WA,Clyde Hill,RIVIAN,14
WA,Colbert,SUBARU,9
WA,Colfax,CHEVROLET,2
WA,College Place,NISSAN,4
WA,Colville,TOYOTA,4
WA,Concrete,HYUNDAI,2
WA,Connell,FORD,1
WA,Copalis Beach,TESLA,1
WA,Cosmopolis,TOYOTA,2
WA,Coulee City,FORD,1
WA,Coulee Dam,KIA,1
WA,Coupeville,TESLA,10
WA,Covington,CHEVROLET,19
WA,Curlew,VOLKSWAGEN,1
WA,Curtis,KIA,1
WA,Cusick,FORD,2
WA,Custer,TESLA,2
WA,Dallesport,TESLA,1
WA,Darrington,HYUNDAI,1
WA,Davenport,BMW,1
WA,Deer Park,FORD,4
WA,Deming,TESLA,2
WA,Des Moines,CHEVROLET,22
WA,Dupont,FORD,7
WA,Duvall,FORD,22
WA,East Wenatchee,FORD,19
WA,Easton,FORD,1
WA,Eastsound,BMW,11
WA,Eatonville,CHRYSLER,6
WA,Edgewood,NISSAN,12
WA,Edmonds,TESLA,56
WA,Elk,MITSUBISHI,2
WA,Ellensburg,VOLKSWAGEN,12
WA,Elma,CHEVROLET,3
WA,Eltopia,TESLA,1
WA,Entiat,KIA,2
WA,Enumclaw,NISSAN,17
WA,Ephrata,CHEVROLET,5
WA,Ethel,TESLA,1
WA,Evans,TESLA,1
WA,Everett,KIA,81
WA,Everson,SUBARU,3
WA,Fairchild Air Force Base,BMW,1
WA,Fall City,CHEVROLET,9
WA,Federal Way,TESLA,42
WA,Ferndale,CHEVROLET,17
WA,Fife,MINI,8
WA,Fircrest,HYUNDAI,6
WA,Forks,KIA,2
WA,Fox Island,CHEVROLET,8
WA,Freeland,TOYOTA,9
WA,Friday Harbor,VOLKSWAGEN,16
WA,Gig Harbor,CHEVROLET,58
WA,Glacier,CHEVROLET,1
WA,Glenoma,TESLA,1
WA,Gold Bar,TESLA,4
WA,Goldendale,HYUNDAI,2
WA,Graham,TESLA,19
WA,Grand Coulee,JEEP,1
WA,Grandview,CHEVROLET,2
WA,Granger,JEEP,1
WA,Granite Falls,CHEVROLET,7
WA,Grapeview,TESLA,6
WA,Grayland,JEEP,1
WA,Greenacres,VOLKSWAGEN,6
WA,Greenbank,VOLKSWAGEN,5
WA,Hansville,HYUNDAI,4
WA,Hoodsport,TESLA,4
WA,Hoquiam,NISSAN,4
WA,Hunts Point,BMW,2
WA,Husum,HYUNDAI,1
WA,Ilwaco,CHEVROLET,1
WA,Index,TOYOTA,1
WA,Indianola,TESLA,3
WA,Issaquah,FORD,80
WA,Joint Base Lewis Mcchord,JEEP,5
WA,Kalama,JEEP,6
WA,Kelso,TOYOTA,12
WA,Kenmore,FORD,34
WA,Kennewick,CHEVROLET,41
WA,Kent,FORD,95
WA,Kettle Falls,MITSUBISHI,2
WA,Keyport,FORD,1
WA,Kingston,VOLKSWAGEN,14
WA,Kirkland,VOLKSWAGEN,115
WA,Kittitas,TESLA,1
WA,La Center,JEEP,9
WA,La Conner,TOYOTA,7
WA,Lacey,FORD,33
WA,Lake Forest Park,VOLKSWAGEN,29
WA,Lake Stevens,TESLA,57
WA,Lake Tapps,NISSAN,11
WA,Lakebay,TESLA,6
WA,Lakewood,CHRYSLER,31
WA,Langley,CHEVROLET,13
WA,Leavenworth,HYUNDAI,16
WA,Liberty Lake,JEEP,12
WA,Lilliwaup,CHEVROLET,1
WA,Long Beach,TESLA,4
WA,Longbranch,JEEP,2
WA,Longview,TESLA,15
WA,Loon Lake,BMW,1
WA,Lopez Island,VOLKSWAGEN,6
WA,Lummi Island,FORD,3
WA,Lyle,CHEVROLET,1
WA,Lynden,TESLA,13
WA,Lynnwood,FORD,94
WA,Mabton,HYUNDAI,1
WA,Malaga,CHEVROLET,2
WA,Mansfield,VOLKSWAGEN,1
WA,Manson,TESLA,4
WA,Maple Falls,CHEVROLET,3
WA,Maple Valley,TESLA,59
WA,Marysville,CHEVROLET,54
WA,Mattawa,AUDI,1
WA,Mazama,TESLA,2
WA,Mccleary,CHEVROLET,2
WA,Mead,CHRYSLER,5
WA,Medical Lake,HYUNDAI,3
WA,Medina,PORSCHE,13
WA,Menlo,JEEP,1
WA,Mercer Island,RIVIAN,128
WA,Mesa,TESLA,1
WA,Methow,TOYOTA,1
WA,Mill Creek,RIVIAN,23
WA,Milton,TOYOTA,4
WA,Mineral,CHEVROLET,1
WA,Monroe,JEEP,36
WA,Montesano,CHEVROLET,7
WA,Morton,CHEVROLET,1
WA,Moses Lake,JEEP,21
WA,Mossyrock,CHEVROLET,2
WA,Mount Vernon,VOLKSWAGEN,34
WA,Mountlake Terrace,CHEVROLET,15
WA,Moxee,TESLA,2
WA,Mukilteo,TESLA,26
WA,Naches,CADILLAC,1
WA,Napavine,TESLA,1
WA,Naselle,CHEVROLET,1
WA,Neah Bay,JEEP,1
WA,Newcastle,BMW,38
WA,Newman Lake,FORD,2
WA,Newport,CHEVROLET,2
WA,Nine Mile Falls,CHEVROLET,7
WA,Nooksack,KIA,1
WA,Nordland,HYUNDAI,3
WA,Normandy Park,BMW,11
WA,North Bend,TESLA,27
WA,North Bonneville,FORD,1
WA,North Cove,TESLA,1
WA,Oak Harbor,FORD,23
WA,Oakville,TESLA,2
WA,Ocean Park,KIA,3
WA,Ocean Shores,CHEVROLET,7
WA,Odessa,KIA,1
WA,Okanogan,MITSUBISHI,1
WA,Olalla,VOLKSWAGEN,7
WA,Olga,BMW,2
WA,Olympia,TESLA,180
WA,Omak,CHEVROLET,1
WA,Onalaska,CHEVROLET,2
WA,Orcas Is,RIVIAN,1
WA,Orondo,BMW,2
WA,Oroville,FORD,1
WA,Orting,CHRYSLER,8
WA,Othello,HONDA,3
WA,Otis Orchards,KIA,4
WA,Outlook,KIA,1
WA,Pacific,FORD,4
WA,Pacific Beach,VOLKSWAGEN,3
WA,Packwood,AUDI,1
WA,Palouse,VOLKSWAGEN,2
WA,Parkland,NISSAN,7
WA,Pasco,FORD,28
WA,Pateros,RIVIAN,1
WA,Peshastin,CHEVROLET,1
WA,Point Roberts,CHEVROLET,3
WA,Port Angeles,VOLKSWAGEN,27
WA,Port Hadlock,CHEVROLET,3
WA,Port Ludlow,HYUNDAI,9
WA,Port Orchard,CHEVROLET,52
WA,Port Townsend,VOLKSWAGEN,28
WA,Poulsbo,CHEVROLET,28
WA,Preston,NISSAN,2
WA,Prosser,VOLKSWAGEN,4
WA,Pullman,FORD,14
WA,Puyallup,JEEP,57
WA,Quilcene,VOLKSWAGEN,3
WA,Quincy,JEEP,5
WA,Rainier,CHEVROLET,4
WA,Randle,TOYOTA,1
WA,Ravensdale,JEEP,4
WA,Raymond,CHEVROLET,2
WA,Reardan,FORD,1
WA,Redmond,FORD,153
WA,Renton,FORD,139
WA,Republic,JEEP,1
WA,Richland,CHEVROLET,40
WA,Ridgefield,FORD,29
WA,Ritzville,FORD,1
WA,Riverside,RIVIAN,1
WA,Rochester,CHEVROLET,7
WA,Rock Island,CHRYSLER,1
WA,Rockford,TESLA,1
WA,Ronald,RIVIAN,2
WA,Roslyn,RIVIAN,2
WA,Roy,TESLA,8
WA,Royal City,CHEVROLET,1
WA,Ruston,NISSAN,2
WA,Sammamish,FORD,122
WA,Seabeck,MAZDA,4
WA,Seatac,CHEVROLET,52
WA,Seattle,VOLKSWAGEN,1115
WA,Seaview,JEEP,1
WA,Sedro Woolley,CHEVROLET,3
WA,Sedro-Woolley,CHEVROLET,13
WA,Sekiu,TESLA,1
WA,Selah,TOYOTA,5
WA,Sequim,VOLKSWAGEN,23
WA,Shaw Island,FIAT,1
WA,Shelton,FORD,20
WA,Shoreline,TESLA,57
WA,Silver Creek,KIA,1
WA,Silverdale,TESLA,15
WA,Silverlake,KIA,2
WA,Skykomish,TESLA,1
WA,Snohomish,FORD,78
WA,Snoqualmie,TESLA,31
WA,Snoqualmie Pass,VOLVO,2
WA,Snowden,FORD,1
WA,Soap Lake,JEEP,2
WA,South Bend,CHEVROLET,1
WA,South Cle Elum,VOLVO,1
WA,South Hill,CHEVROLET,22
WA,Spanaway,CHEVROLET,18
WA,Spangle,TESLA,2
WA,Spokane,TESLA,100
WA,Spokane Valley,TESLA,28
WA,Stanwood,CHEVROLET,20
WA,Steilacoom,CHEVROLET,11
WA,Stevenson,HYUNDAI,3
WA,Sultan,JEEP,9
WA,Sumas,CADILLAC,1
WA,Sumner,TESLA,6
WA,Sunnyside,BMW,3
WA,Suquamish,TOYOTA,4
WA,Surfside,TOYOTA,2
WA,Tacoma,CHEVROLET,212
WA,Taholah,MITSUBISHI,1
WA,Tahuya,TESLA,2
WA,Tenino,JEEP,5
WA,Thorp,NISSAN,1
WA,Tieton,MERCEDES-BENZ,1
WA,Toledo,KIA,3
WA,Tonasket,NISSAN,2
WA,Toppenish,CHEVROLET,1
WA,Touchet,MAZDA,1
WA,Trout Lake,BMW,1
WA,Tukwila,NISSAN,36
WA,Tumwater,FORD,53
WA,Twisp,CHEVROLET,3
WA,Underwood,TESLA,2
WA,Union,VOLKSWAGEN,3
WA,Union Gap,NISSAN,1
WA,University Place,TESLA,26
WA,Vader,HYUNDAI,1
WA,Valley,HYUNDAI,1
WA,Valleyford,VOLKSWAGEN,2
WA,Vancouver,TESLA,197
WA,Vashon,VOLKSWAGEN,30
WA,Vaughn,TESLA,2
WA,Veradale,JEEP,3
WA,Waitsburg,FORD,1
WA,Walla Walla,CHEVROLET,18
WA,Wapato,CHEVROLET,1
WA,Warden,FORD,1
WA,Washougal,NISSAN,26
WA,Waterville,TESLA,1
WA,Wenatchee,TOYOTA,20
WA,West Richland,FORD,14
WA,Westport,AUDI,1
WA,White Salmon,TESLA,9
WA,Wilkeson,TOYOTA,1
WA,Winlock,NISSAN,5
WA,Winthrop,RIVIAN,6
WA,Woodinville,FORD,70
WA,Woodland,CHEVROLET,8
WA,Woodway,TESLA,6
WA,Yacolt,TESLA,3
WA,Yakima,JEEP,31
WA,Yarrow Point,BMW,4
WA,Yelm,CHEVROLET,14
WA,Zillah,VOLKSWAGEN,2
WA,Aberdeen,KIA,10
WA,Acme,KIA,1
WA,Airway Heights,KIA,2
WA,Algona,KIA,2
WA,Allyn,CHEVROLET,3
WA,Amboy,BMW,1
WA,Anacortes,HYUNDAI,32
WA,Anderson Island,MERCEDES-BENZ,2
WA,Ariel,AUDI,1
WA,Arlington,CHEVROLET,27
WA,Ashford,CHEVROLET,1
WA,Asotin,KIA,1
WA,Auburn,CHEVROLET,61
WA,Bainbridge Island,CHEVROLET,64
WA,Battle Ground,FORD,20
WA,Beaux Arts,AUDI,2
WA,Belfair,FORD,7
WA,Bellevue,PORSCHE,122
WA,Bellingham,TESLA,102
WA,Benton City,FORD,4
WA,Bingen,TESLA,1
WA,Black Diamond,RIVIAN,11
WA,Blaine,CHEVROLET,21
WA,Bonney Lake,CHEVROLET,34
WA,Bothell,VOLKSWAGEN,114
WA,Bow,TOYOTA,5
WA,Bremerton,JEEP,61
WA,Brewster,JEEP,1
WA,Brier,RIVIAN,9
WA,Brinnon,CHRYSLER,1
WA,Brush Prairie,TESLA,12
WA,Buckley,CHEVROLET,13
WA,Burbank,FORD,1
WA,Burien,FORD,32
WA,Burlington,FORD,10
WA,Bz Corner,TOYOTA,1
WA,Camano Island,TESLA,22
WA,Camas,VOLKSWAGEN,43
WA,Carbonado,TESLA,1
WA,Carlton,TOYOTA,1
WA,Carnation,TESLA,14
WA,Carson,FORD,1
WA,Cashmere,CHEVROLET,3
WA,Castle Rock,TESLA,4
WA,Cathlamet,CHRYSLER,2
WA,Centralia,JEEP,25
WA,Chattaroy,FORD,2
WA,Chehalis,JEEP,12
WA,Chelan,RIVIAN,7
WA,Cheney,TESLA,7
WA,Chewelah,CHEVROLET,1
WA,Chimacum,TOYOTA,2
WA,Cinebar,KIA,1
WA,Clarkston,JEEP,4
WA,Cle Elum,FORD,10
WA,Clinton,TESLA,11
WA,Clyde Hill,BMW,8
WA,Colbert,TESLA,5
WA,Colfax,FORD,2
WA,College Place,CHEVROLET,3
WA,Colville,TOYOTA,3
WA,Concrete,KIA,2
WA,Connell,FORD,1
WA,Cosmopolis,CHEVROLET,1
WA,Coulee City,KIA,1
WA,Coulee Dam,LINCOLN,1
WA,Coupeville,CHEVROLET,9
WA,Covington,KIA,18
WA,Curtis,NISSAN,1
WA,Cusick,HYUNDAI,1
WA,Custer,ACURA,1
WA,Dallesport,TOYOTA,2
WA,Darrington,KIA,1
WA,Davenport,CHEVROLET,1
WA,Dayton,CHEVROLET,1
WA,Deer Park,SUBARU,5
WA,Deming,VOLKSWAGEN,2
WA,Des Moines,TESLA,23
WA,Dupont,KIA,8
WA,Duvall,TESLA,22
WA,East Wenatchee,HONDA,13
WA,Easton,HYUNDAI,1
WA,Eastsound,RIVIAN,9
WA,Eatonville,FORD,6
WA,Edgewood,FORD,10
WA,Edmonds,CHEVROLET,71
WA,Elk,NISSAN,2
WA,Ellensburg,CHEVROLET,11
WA,Elma,CHEVROLET,3
WA,Eltopia,TESLA,1
WA,Entiat,TESLA,2
WA,Enumclaw,CHEVROLET,15
WA,Ephrata,CHEVROLET,4
WA,Evans,TOYOTA,1
WA,Everett,FORD,91
WA,Everson,TESLA,3
WA,Fairchild Air Force Base,CHEVROLET,1
WA,Fall City,FORD,9
WA,Federal Way,CHEVROLET,40
WA,Ferndale,VOLKSWAGEN,18
WA,Fife,AUDI,7
WA,Fircrest,FORD,5
WA,Forks,TOYOTA,2
WA,Fox Island,CHEVROLET,8
WA,Freeland,TESLA,7
WA,Friday Harbor,FORD,15
WA,Gig Harbor,FORD,55
WA,Glacier,CHEVROLET,1
WA,Glenoma,TESLA,1
WA,Gold Bar,CHEVROLET,3
WA,Goldendale,TESLA,2
WA,Graham,KIA,14
WA,Grand Coulee,JEEP,1
WA,Grandview,HYUNDAI,2
WA,Granger,TESLA,1
WA,Granite Falls,FORD,7
WA,Grapeview,KIA,3
WA,Grayland,NISSAN,1
WA,Greenacres,BMW,5
WA,Greenbank,JEEP,3
WA,Hansville,VOLKSWAGEN,4
WA,Hoodsport,JEEP,3
WA,Hoquiam,CHEVROLET,3
WA,Hunts Point,VOLKSWAGEN,2
WA,Husum,KIA,1
WA,Ilwaco,CHRYSLER,2
WA,Indianola,BMW,2
WA,Issaquah,CHEVROLET,61
WA,Joint Base Lewis Mcchord,KIA,6
WA,Kalama,TESLA,6
WA,Kelso,FORD,8
WA,Kenmore,VOLKSWAGEN,28
WA,Kennewick,TESLA,38
WA,Kent,CHEVROLET,75
WA,Kettle Falls,NISSAN,2
WA,Keyport,KIA,1
WA,Kingston,TESLA,12
WA,Kirkland,FORD,114
WA,Kittitas,VOLKSWAGEN,1
WA,La Center,TOYOTA,7
WA,La Conner,NISSAN,5
WA,Lacey,CHEVROLET,32
WA,Lake Forest Park,RIVIAN,23
WA,Lake Stevens,JEEP,42
WA,Lake Tapps,CHEVROLET,10
WA,Lakebay,KIA,5
WA,Lakewood,TESLA,30
WA,Langley,TOYOTA,12
WA,Leavenworth,TESLA,14
WA,Liberty Lake,SUBARU,12
WA,Lilliwaup,FORD,1
WA,Long Beach,FORD,3
WA,Longbranch,CHEVROLET,1
WA,Longview,TOYOTA,14
WA,Loon Lake,CHEVROLET,1
WA,Lopez Island,TESLA,5
WA,Lummi Island,NISSAN,3
WA,Lyle,CHEVROLET,1
WA,Lynden,TESLA,9
WA,Lynnwood,CHEVROLET,66
WA,Mabton,HYUNDAI,1
WA,Malaga,CHEVROLET,2
WA,Manson,TOYOTA,3
WA,Maple Falls,CHEVROLET,2
WA,Maple Valley,CHEVROLET,39
WA,Marysville,CHEVROLET,43
WA,Mattawa,CHEVROLET,1
WA,Mazama,VOLKSWAGEN,2
WA,Mccleary,FORD,2
WA,Mead,FORD,5
WA,Medical Lake,NISSAN,3
WA,Medina,BMW,11
WA,Menlo,KIA,1
WA,Mercer Island,BMW,78
WA,Mesa,TESLA,1
WA,Mill Creek,BMW,21
WA,Milton,CHRYSLER,3
WA,Mineral,FORD,2
WA,Monroe,FORD,32
WA,Montesano,CHEVROLET,5
WA,Morton,CHEVROLET,1
WA,Moses Lake,JEEP,14
WA,Mossyrock,KIA,2
WA,Mount Vernon,CHEVROLET,26
WA,Mountlake Terrace,VOLKSWAGEN,14
WA,Moxee,AUDI,1
WA,Mukilteo,CHEVROLET,19
WA,Naches,CHEVROLET,1
WA,Napavine,TOYOTA,1
WA,Naselle,DODGE,1
WA,Neah Bay,JEEP,1
WA,Newcastle,RIVIAN,19
WA,Newman Lake,FORD,2
WA,Newport,CHEVROLET,2
WA,Nine Mile Falls,VOLKSWAGEN,6
WA,Nooksack,KIA,1
WA,Nordland,KIA,3
WA,Normandy Park,RIVIAN,10
WA,North Bend,NISSAN,27
WA,North Bonneville,FORD,1
WA,North Cove,TESLA,1
WA,Oak Harbor,JEEP,25
WA,Oakville,CHEVROLET,1
WA,Ocean Park,KIA,3
WA,Ocean Shores,FORD,6
WA,Okanogan,RIVIAN,1
WA,Olalla,TESLA,7
WA,Olga,TESLA,2
WA,Olympia,CHEVROLET,166
WA,Omak,FORD,1
WA,Onalaska,KIA,2
WA,Orcas Is,RIVIAN,1
WA,Orondo,CHEVROLET,2
WA,Oroville,GMC,1
WA,Orting,NISSAN,7
WA,Othello,NISSAN,3
WA,Otis Orchards,CHEVROLET,3
WA,Outlook,NISSAN,1
WA,Pacific,TESLA,4
WA,Pacific Beach,AUDI,1
WA,Packwood,BMW,1
WA,Palouse,BMW,1
WA,Parkland,CHEVROLET,5
WA,Pasco,JEEP,28
WA,Peshastin,CHEVROLET,1
WA,Point Roberts,TESLA,3
WA,Port Angeles,TOYOTA,24
WA,Port Hadlock,KIA,3
WA,Port Ludlow,TOYOTA,8
WA,Port Orchard,KIA,43
WA,Port Townsend,CHEVROLET,29
WA,Poulsbo,FORD,27
WA,Preston,TESLA,2
WA,Prosser,CHEVROLET,4
WA,Pullman,CHEVROLET,13
WA,Puyallup,CHEVROLET,42
WA,Quilcene,BMW,2
WA,Quincy,TOYOTA,4
WA,Rainier,FORD,4
WA,Ravensdale,TESLA,4
WA,Raymond,CHRYSLER,2
WA,Reardan,TESLA,1
WA,Redmond,VOLKSWAGEN,127
WA,Renton,CHEVROLET,99
WA,Republic,MERCEDES-BENZ,1
WA,Richland,TESLA,40
WA,Ridgefield,TESLA,31
WA,Ritzville,FORD,1
WA,Rochester,KIA,7
WA,Rock Island,HYUNDAI,1
WA,Ronald,RIVIAN,2
WA,Roslyn,TESLA,2
WA,Roy,TESLA,7
WA,Royal City,CHEVROLET,1
WA,Ruston,RIVIAN,2
WA,Sammamish,VOLKSWAGEN,90
WA,Seabeck,NISSAN,4
WA,Seatac,KIA,35
WA,Seattle,FORD,673
WA,Seaview,KIA,1
WA,Sedro Woolley,RIVIAN,3
WA,Sedro-Woolley,TOYOTA,12
WA,Sekiu,VOLVO,1
WA,Selah,HONDA,4
WA,Sequim,TOYOTA,27
WA,Shaw Island,FORD,1
WA,Shelton,KIA,18
WA,Shoreline,VOLKSWAGEN,60
WA,Silver Creek,TOYOTA,1
WA,Silverdale,HYUNDAI,17
WA,Silverlake,BMW,1
WA,Skykomish,TESLA,1
WA,Snohomish,CHEVROLET,59
WA,Snoqualmie,BMW,31
WA,Snoqualmie Pass,AUDI,1
WA,Snowden,HYUNDAI,1
WA,Soap Lake,NISSAN,2
WA,South Bend,FORD,1
WA,South Hill,FORD,22
WA,Spanaway,JEEP,18
WA,Spangle,BMW,1
WA,Spokane,FORD,108
WA,Spokane Valley,CHEVROLET,24
WA,Stanwood,FORD,19
WA,Steilacoom,FORD,7
WA,Stevenson,NISSAN,3
WA,Sultan,CHEVROLET,8
WA,Sumas,CHEVROLET,1
WA,Sumner,CHEVROLET,5
WA,Sunnyside,CHEVROLET,3
WA,Suquamish,VOLKSWAGEN,4
WA,Surfside,ACURA,1
WA,Tacoma,TESLA,146
WA,Taholah,TESLA,1
WA,Tahuya,TESLA,2
WA,Tenino,TESLA,5
WA,Thorp,TESLA,1
WA,Tieton,NISSAN,1
WA,Toledo,CHEVROLET,2
WA,Tonasket,CHEVROLET,1
WA,Toppenish,FORD,1
WA,Touchet,TESLA,1
WA,Trout Lake,CHRYSLER,1
WA,Tukwila,CHRYSLER,370
WA,Tumwater,FORD,36
WA,Twisp,JEEP,3
WA,Underwood,TOYOTA,2
WA,Union,CHEVROLET,2
WA,Union Gap,PORSCHE,1
WA,University Place,FORD,27
WA,Vader,TESLA,1
WA,Valley,TESLA,1
WA,Valleyford,AUDI,1
WA,Vancouver,VOLKSWAGEN,186
WA,Vashon,TESLA,20
WA,Vaughn,TESLA,2
WA,Veradale,KIA,3
WA,Waitsburg,FORD,1
WA,Walla Walla,CHEVROLET,17
WA,Wapato,JEEP,1
WA,Warden,FORD,1
WA,Washougal,TOYOTA,25
WA,Waterville,VOLKSWAGEN,1
WA,Wenatchee,FORD,16
WA,West Richland,NISSAN,11
WA,Westport,BMW,1
WA,White Salmon,FORD,7
WA,Winlock,TESLA,5
WA,Winthrop,TESLA,5
WA,Woodinville,RIVIAN,107
WA,Woodland,FORD,8
WA,Woodway,NISSAN,4
WA,Yacolt,TOYOTA,3
WA,Yakima,TOYOTA,37
WA,Yarrow Point,AUDI,3
WA,Yelm,FORD,14
WA,Zillah,AUDI,1
WA,Aberdeen,TESLA,10
WA,Acme,KIA,1
WA,Airway Heights,NISSAN,2
WA,Algona,TESLA,2
WA,Allyn,KIA,3
WA,Amboy,BMW,1
WA,Anacortes,FORD,29
WA,Anderson Island,MERCEDES-BENZ,2
WA,Ariel,BMW,1
WA,Arlington,JEEP,29
WA,Ashford,CHEVROLET,1
WA,Asotin,LEXUS,1
WA,Auburn,FORD,61
WA,Bainbridge Island,VOLVO,54
WA,Battle Ground,CHEVROLET,21
WA,Beaux Arts,CHEVROLET,2
WA,Belfair,JEEP,7
WA,Bellevue,VOLVO,102
WA,Bellingham,KIA,103
WA,Benton City,FORD,3
WA,Bingen,VOLKSWAGEN,1
WA,Black Diamond,CHEVROLET,10
WA,Blaine,TESLA,19
WA,Bonney Lake,JEEP,30
WA,Bothell,CHEVROLET,108
WA,Bow,FORD,4
WA,Bremerton,KIA,48
WA,Brewster,MAZDA,1
WA,Brier,FORD,7
WA,Brinnon,DODGE,1
WA,Brush Prairie,TOYOTA,12
WA,Buckley,VOLKSWAGEN,11
WA,Burbank,SUBARU,1
WA,Burien,CHEVROLET,31
WA,Burlington,JEEP,7
WA,Camano Island,FORD,14
WA,Camas,HYUNDAI,40
WA,Carlton,VOLVO,1
WA,Carnation,JEEP,10
WA,Carson,FORD,1
WA,Cashmere,RIVIAN,3
WA,Castle Rock,TESLA,4
WA,Cathlamet,FIAT,2
WA,Centralia,FORD,12
WA,Chattaroy,HYUNDAI,2
WA,Chehalis,TOYOTA,13
WA,Chelan,TOYOTA,6
WA,Cheney,TOYOTA,7
WA,Chewelah,CHEVROLET,1
WA,Chimacum,FORD,1
WA,Cinebar,RIVIAN,1
WA,Clarkston,NISSAN,4
WA,Cle Elum,FORD,7
WA,Clinton,CHEVROLET,9
WA,Clyde Hill,AUDI,7
WA,Colbert,BMW,4
WA,Colfax,FORD,2
WA,College Place,TESLA,3
WA,Colville,BMW,2
WA,Concrete,TOYOTA,2
WA,Connell,HYUNDAI,1
WA,Cosmopolis,CHEVROLET,1
WA,Coulee City,KIA,1
WA,Coulee Dam,TESLA,1
WA,Coupeville,CHRYSLER,9
WA,Covington,KIA,16
WA,Cusick,NISSAN,1
WA,Custer,AUDI,1
WA,Dallesport,TOYOTA,1
WA,Darrington,RIVIAN,1
WA,Davenport,CHRYSLER,1
WA,Dayton,FORD,1
WA,Deer Park,TOYOTA,4
WA,Deming,AUDI,1
WA,Des Moines,TOYOTA,20
WA,Dupont,CHEVROLET,6
WA,Duvall,VOLKSWAGEN,15
WA,East Wenatchee,JEEP,10
WA,Easton,JEEP,1
WA,Eastsound,VOLKSWAGEN,8
WA,Eatonville,CHEVROLET,5
WA,Edgewood,HYUNDAI,9
WA,Edmonds,CHEVROLET,44
WA,Elk,SUBARU,2
WA,Ellensburg,RIVIAN,11
WA,Elma,CHEVROLET,3
WA,Entiat,CHEVROLET,1
WA,Enumclaw,JEEP,14
WA,Ephrata,NISSAN,4
WA,Everett,TESLA,79
WA,Everson,TOYOTA,3
WA,Fairchild Air Force Base,CHEVROLET,1
WA,Fall City,HYUNDAI,10
WA,Federal Way,FORD,36
WA,Ferndale,FORD,14
WA,Fife,JEEP,8
WA,Fircrest,SUBARU,5
WA,Forks,VOLVO,2
WA,Fox Island,AUDI,7
WA,Freeland,FORD,6
WA,Friday Harbor,CHEVROLET,13
WA,Gig Harbor,CHEVROLET,48
WA,Glacier,FORD,1
WA,Glenoma,TOYOTA,1
WA,Gold Bar,CHEVROLET,3
WA,Goldendale,TESLA,2
WA,Graham,CHEVROLET,13
WA,Grand Coulee,KIA,1
WA,Grandview,KIA,2
WA,Granger,TESLA,1
WA,Granite Falls,FORD,7
WA,Grapeview,NISSAN,4
WA,Grayland,RIVIAN,1
WA,Greenacres,TOYOTA,5
WA,Greenbank,RIVIAN,3
WA,Hansville,BMW,2
WA,Hoodsport,CHEVROLET,2
WA,Hoquiam,CHEVROLET,2
WA,Hunts Point,AUDI,1
WA,Husum,RIVIAN,1
WA,Ilwaco,JEEP,1
WA,Indianola,CHEVROLET,2
WA,Issaquah,VOLKSWAGEN,57
WA,Joint Base Lewis Mcchord,CHEVROLET,4
WA,Kalama,CADILLAC,5
WA,Kelso,TESLA,8
WA,Kenmore,CHEVROLET,33
WA,Kennewick,JEEP,38
WA,Kent,CHEVROLET,81
WA,Kettle Falls,TESLA,2
WA,Keyport,RIVIAN,1
WA,Kingston,KIA,10
WA,Kirkland,CHEVROLET,120
WA,La Center,CHEVROLET,6
WA,La Conner,VOLKSWAGEN,5
WA,Lacey,VOLKSWAGEN,32
WA,Lake Forest Park,HYUNDAI,23
WA,Lake Stevens,VOLKSWAGEN,37
WA,Lake Tapps,RIVIAN,10
WA,Lakebay,BMW,4
WA,Lakewood,KIA,29
WA,Langley,TESLA,11
WA,Leavenworth,RIVIAN,15
WA,Liberty Lake,BMW,10
WA,Lilliwaup,JEEP,1
WA,Long Beach,KIA,3
WA,Longbranch,CHEVROLET,1
WA,Longview,CHEVROLET,12
WA,Loon Lake,FORD,1
WA,Lopez Island,BMW,4
WA,Lummi Island,BMW,2
WA,Lyle,FORD,1
WA,Lynden,VOLKSWAGEN,9
WA,Lynnwood,VOLKSWAGEN,66
WA,Mabton,JEEP,1
WA,Malaga,FORD,1
WA,Manson,VOLVO,3
WA,Maple Falls,CHEVROLET,1
WA,Maple Valley,FORD,43
WA,Marysville,FORD,44
WA,Mattawa,CHEVROLET,1
WA,Mazama,AUDI,1
WA,Mccleary,HONDA,2
WA,Mead,NISSAN,5
WA,Medical Lake,BMW,2
WA,Medina,BMW,6
WA,Menlo,KIA,1
WA,Mercer Island,VOLVO,47
WA,Mesa,TOYOTA,1
WA,Mill Creek,KIA,18
WA,Milton,HYUNDAI,4
WA,Mineral,HYUNDAI,1
WA,Monroe,CHEVROLET,25
WA,Montesano,CHEVROLET,5
WA,Morton,CHRYSLER,1
WA,Moses Lake,CHEVROLET,14
WA,Mossyrock,TOYOTA,2
WA,Mount Vernon,TESLA,25
WA,Mountlake Terrace,HYUNDAI,14
WA,Moxee,BMW,1
WA,Mukilteo,RIVIAN,21
WA,Naches,CHRYSLER,1
WA,Napavine,VOLKSWAGEN,1
WA,Naselle,FORD,1
WA,Neah Bay,TESLA,1
WA,Newcastle,FORD,19
WA,Newman Lake,JEEP,2
WA,Newport,CHEVROLET,2
WA,Nine Mile Falls,CHEVROLET,4
WA,Nooksack,TESLA,1
WA,Nordland,TESLA,3
WA,Normandy Park,TESLA,9
WA,North Bend,RIVIAN,29
WA,North Bonneville,FORD,1
WA,North Cove,TOYOTA,1
WA,Oak Harbor,VOLKSWAGEN,22
WA,Oakville,CHEVROLET,1
WA,Ocean Park,TESLA,3
WA,Ocean Shores,NISSAN,6
WA,Okanogan,RIVIAN,1
WA,Olalla,CHEVROLET,3
WA,Olga,TESLA,2
WA,Olympia,KIA,157
WA,Omak,FORD,1
WA,Onalaska,BMW,1
WA,Orcas Is,TESLA,1
WA,Orondo,KIA,2
WA,Oroville,JEEP,1
WA,Orting,VOLKSWAGEN,7
WA,Othello,BMW,2
WA,Otis Orchards,SUBARU,3
WA,Outlook,POLESTAR,1
WA,Pacific,CHEVROLET,3
WA,Pacific Beach,BMW,1
WA,Packwood,CHEVROLET,1
WA,Palouse,BMW,1
WA,Parkland,TESLA,5
WA,Pasco,TESLA,24
WA,Peshastin,CHEVROLET,1
WA,Point Roberts,BMW,2
WA,Port Angeles,FORD,22
WA,Port Hadlock,CHEVROLET,2
WA,Port Ludlow,CHEVROLET,5
WA,Port Orchard,KIA,41
WA,Port Townsend,TOYOTA,29
WA,Poulsbo,CHEVROLET,25
WA,Preston,VOLVO,2
WA,Prosser,JEEP,3
WA,Pullman,FORD,13
WA,Puyallup,KIA,47
WA,Quilcene,CHEVROLET,2
WA,Quincy,FORD,3
WA,Rainier,KIA,4
WA,Ravensdale,TOYOTA,4
WA,Raymond,FORD,2
WA,Redmond,CHEVROLET,117
WA,Renton,KIA,120
WA,Republic,NISSAN,1
WA,Richland,TOYOTA,40
WA,Ridgefield,CHEVROLET,34
WA,Ritzville,FORD,1
WA,Rochester,KIA,6
WA,Rock Island,JEEP,1
WA,Ronald,TESLA,3
WA,Roslyn,AUDI,1
WA,Roy,CHEVROLET,6
WA,Royal City,CHRYSLER,1
WA,Ruston,TESLA,2
WA,Sammamish,BMW,155
WA,Seabeck,TESLA,4
WA,Seatac,CHEVROLET,21
WA,Seattle,CHEVROLET,528
WA,Seaview,TOYOTA,1
WA,Sedro Woolley,TOYOTA,3
WA,Sedro-Woolley,TESLA,9
WA,Selah,NISSAN,4
WA,Sequim,FORD,21
WA,Shaw Island,HONDA,1
WA,Shelton,JEEP,21
WA,Shoreline,KIA,60
WA,Silverdale,CHRYSLER,12
WA,Silverlake,CADILLAC,1
WA,Skykomish,VOLVO,1
WA,Snohomish,CHEVROLET,63
WA,Snoqualmie,NISSAN,29
WA,Snoqualmie Pass,BMW,1
WA,Snowden,KIA,1
WA,Soap Lake,AUDI,1
WA,South Bend,KIA,1
WA,South Hill,FORD,22
WA,Spanaway,TESLA,17
WA,Spangle,NISSAN,1
WA,Spokane,CHEVROLET,104
WA,Spokane Valley,TESLA,24
WA,Stanwood,JEEP,22
WA,Steilacoom,JEEP,5
WA,Stevenson,TESLA,3
WA,Sultan,NISSAN,8
WA,Sumas,CHEVROLET,1
WA,Sumner,FORD,6
WA,Sunnyside,FORD,3
WA,Suquamish,CHEVROLET,3
WA,Surfside,AUDI,1
WA,Tacoma,KIA,142
WA,Taholah,TESLA,1
WA,Tahuya,VOLKSWAGEN,2
WA,Tenino,FORD,4
WA,Thorp,TESLA,1
WA,Tieton,RIVIAN,1
WA,Toledo,FORD,2
WA,Tonasket,JEEP,1
WA,Toppenish,HONDA,1
WA,Touchet,TESLA,1
WA,Trout Lake,FORD,1
WA,Tukwila,CHEVROLET,198
WA,Tumwater,VOLKSWAGEN,32
WA,Twisp,TOYOTA,3
WA,Underwood,VOLKSWAGEN,2
WA,Union,CHEVROLET,2
WA,Union Gap,SUBARU,1
WA,University Place,VOLKSWAGEN,24
WA,Valley,TOYOTA,1
WA,Valleyford,BMW,1
WA,Vancouver,FORD,180
WA,Vashon,HYUNDAI,23
WA,Vaughn,BMW,1
WA,Veradale,AUDI,2
WA,Waitsburg,JEEP,1
WA,Walla Walla,FORD,17
WA,Wapato,KIA,1
WA,Warden,JEEP,1
WA,Washougal,TESLA,23
WA,Wenatchee,TESLA,16
WA,West Richland,TOYOTA,10
WA,Westport,BMW,1
WA,White Salmon,CHEVROLET,6
WA,Winlock,TOYOTA,5
WA,Winthrop,RIVIAN,4
WA,Woodinville,HYUNDAI,57
WA,Woodland,NISSAN,8
WA,Woodway,RIVIAN,4
WA,Yacolt,CHEVROLET,2
WA,Yakima,TOYOTA,33
WA,Yarrow Point,BMW,4
WA,Yelm,CHEVROLET,12
WA,Zillah,BMW,1
WA,Aberdeen,FORD,7
WA,Acme,TESLA,1
WA,Airway Heights,BMW,1
WA,Algona,TOYOTA,2
WA,Allyn,KIA,3
WA,Amboy,CHEVROLET,1
WA,Anacortes,VOLKSWAGEN,24
WA,Anderson Island,RIVIAN,2
WA,Ariel,CADILLAC,1
WA,Arlington,FORD,24
WA,Ashford,FORD,1
WA,Asotin,NISSAN,1
WA,Auburn,FORD,46
WA,Bainbridge Island,KIA,53
WA,Battle Ground,CHEVROLET,19
WA,Beaux Arts,FORD,2
WA,Belfair,FORD,6
WA,Bellevue,VOLKSWAGEN,121
WA,Bellingham,FORD,84
WA,Benton City,NISSAN,3
WA,Black Diamond,FORD,10
WA,Blaine,FORD,13
WA,Bonney Lake,FORD,28
WA,Bothell,KIA,93
WA,Bow,KIA,4
WA,Bremerton,TESLA,49
WA,Brewster,MITSUBISHI,1
WA,Brier,TOYOTA,7
WA,Brinnon,HYUNDAI,1
WA,Brush Prairie,CHRYSLER,9
WA,Buckley,TESLA,10
WA,Burbank,TESLA,1
WA,Burien,HYUNDAI,32
WA,Burlington,FORD,5
WA,Camano Island,KIA,14
WA,Camas,KIA,39
WA,Carnation,RIVIAN,11
WA,Carson,HONDA,1
WA,Cashmere,TESLA,3
WA,Castle Rock,JEEP,3
WA,Cathlamet,FORD,2
WA,Centralia,CHEVROLET,10
WA,Chattaroy,JEEP,2
WA,Chehalis,CHEVROLET,12
WA,Chelan,BMW,5
WA,Cheney,SUBARU,9
WA,Chewelah,FORD,1
WA,Chimacum,FORD,1
WA,Cinebar,TESLA,1
WA,Clarkston,TOYOTA,3
WA,Cle Elum,KIA,7
WA,Clinton,RIVIAN,9
WA,Clyde Hill,VOLVO,7
WA,Colbert,FORD,4
WA,Colfax,CHEVROLET,1
WA,College Place,TOYOTA,3
WA,Colville,FORD,2
WA,Concrete,TOYOTA,2
WA,Connell,MERCEDES-BENZ,1
WA,Cosmopolis,CHRYSLER,1
WA,Coulee City,TESLA,1
WA,Coulee Dam,VOLKSWAGEN,1
WA,Coupeville,KIA,10
WA,Covington,JEEP,15
WA,Cusick,SUBARU,1
WA,Custer,CHEVROLET,1
WA,Dallesport,TOYOTA,1
WA,Darrington,SUBARU,1
WA,Davenport,GMC,1
WA,Dayton,GMC,1
WA,Deer Park,BMW,3
WA,Deming,AUDI,1
WA,Des Moines,CHEVROLET,14
WA,Dupont,TOYOTA,6
WA,Duvall,JEEP,14
WA,East Wenatchee,TESLA,10
WA,Easton,KIA,1
WA,Eastsound,FORD,8
WA,Eatonville,FORD,5
WA,Edgewood,KIA,9
WA,Edmonds,FORD,44
WA,Elk,TESLA,2
WA,Ellensburg,TOYOTA,10
WA,Elma,FORD,3
WA,Entiat,CHEVROLET,1
WA,Enumclaw,FORD,14
WA,Ephrata,FORD,3
WA,Everett,VOLKSWAGEN,85
WA,Everson,TOYOTA,3
WA,Fairchild Air Force Base,DODGE,1
WA,Fall City,RIVIAN,8
WA,Federal Way,KIA,39
WA,Ferndale,FORD,14
WA,Fife,NISSAN,7
WA,Fircrest,VOLKSWAGEN,5
WA,Forks,CHEVROLET,1
WA,Fox Island,BMW,7
WA,Freeland,FORD,6
WA,Friday Harbor,BMW,12
WA,Gig Harbor,TOYOTA,43
WA,Glacier,HONDA,1
WA,Gold Bar,KIA,3
WA,Goldendale,TOYOTA,2
WA,Graham,FORD,12
WA,Grand Coulee,MERCEDES-BENZ,1
WA,Grandview,MITSUBISHI,2
WA,Granger,TESLA,1
WA,Granite Falls,JEEP,7
WA,Grapeview,BMW,2
WA,Grayland,RIVIAN,1
WA,Greenacres,CHEVROLET,4
WA,Greenbank,VOLVO,3
WA,Hansville,CHEVROLET,2
WA,Hoodsport,FORD,2
WA,Hoquiam,CHEVROLET,2
WA,Hunts Point,BMW,1
WA,Husum,TOYOTA,1
WA,Ilwaco,NISSAN,1
WA,Indianola,FORD,2
WA,Issaquah,HYUNDAI,63
WA,Joint Base Lewis Mcchord,NISSAN,4
WA,Kalama,FORD,5
WA,Kelso,BMW,6
WA,Kenmore,BMW,28
WA,Kennewick,TOYOTA,33
WA,Kent,JEEP,58
WA,Kettle Falls,TOYOTA,2
WA,Keyport,TESLA,1
WA,Kingston,BMW,9
WA,Kirkland,RIVIAN,219
WA,La Center,KIA,6
WA,La Conner,CHEVROLET,4
WA,Lacey,TESLA,28
WA,Lake Forest Park,TOYOTA,21
WA,Lake Stevens,CHEVROLET,38
WA,Lake Tapps,CHEVROLET,8
WA,Lakebay,CHRYSLER,3
WA,Lakewood,KIA,27
WA,Langley,VOLKSWAGEN,11
WA,Leavenworth,JEEP,11
WA,Liberty Lake,TOYOTA,8
WA,Lilliwaup,SUBARU,1
WA,Long Beach,CHEVROLET,2
WA,Longbranch,FORD,1
WA,Longview,FORD,11
WA,Loon Lake,FORD,1
WA,Lopez Island,BMW,4
WA,Lummi Island,FORD,2
WA,Lyle,HONDA,1
WA,Lynden,TOYOTA,10
WA,Lynnwood,CHEVROLET,53
WA,Mabton,TESLA,1
WA,Malaga,FORD,1
WA,Manson,AUDI,2
WA,Maple Falls,FIAT,1
WA,Maple Valley,VOLKSWAGEN,40
WA,Marysville,VOLKSWAGEN,37
WA,Mattawa,FORD,1
WA,Mazama,AUDI,1
WA,Mccleary,NISSAN,2
WA,Mead,CHEVROLET,3
WA,Medical Lake,FORD,2
WA,Medina,AUDI,5
WA,Menlo,TESLA,1
WA,Mercer Island,CHEVROLET,44
WA,Mill Creek,FORD,18
WA,Milton,KIA,3
WA,Mineral,NISSAN,1
WA,Monroe,TESLA,28
WA,Montesano,FORD,5
WA,Morton,DODGE,1
WA,Moses Lake,TOYOTA,12
WA,Mossyrock,CHEVROLET,1
WA,Mount Vernon,FORD,21
WA,Mountlake Terrace,TESLA,13
WA,Moxee,BMW,1
WA,Mukilteo,FORD,17
WA,Naches,HYUNDAI,1
WA,Naselle,FORD,1
WA,Neah Bay,TESLA,1
WA,Newcastle,VOLKSWAGEN,15
WA,Newman Lake,MITSUBISHI,2
WA,Newport,JEEP,2
WA,Nine Mile Falls,FORD,4
WA,Nooksack,VOLKSWAGEN,1
WA,Nordland,TOYOTA,3
WA,Normandy Park,TOYOTA,10
WA,North Bend,RIVIAN,25
WA,North Bonneville,KIA,1
WA,North Cove,TOYOTA,1
WA,Oak Harbor,CHEVROLET,20
WA,Oakville,CHEVROLET,1
WA,Ocean Park,CHEVROLET,2
WA,Ocean Shores,TOYOTA,6
WA,Okanogan,TESLA,1
WA,Olalla,CHEVROLET,3
WA,Olga,TOYOTA,2
WA,Olympia,FORD,251
WA,Omak,FORD,1
WA,Onalaska,CHEVROLET,1
WA,Orcas Is,TESLA,1
WA,Orondo,RIVIAN,2
WA,Oroville,KIA,1
WA,Orting,FORD,7
WA,Othello,CHEVROLET,2
WA,Otis Orchards,FORD,2
WA,Outlook,RIVIAN,1
WA,Pacific,HONDA,3
WA,Pacific Beach,BMW,1
WA,Packwood,CHRYSLER,1
WA,Palouse,CHEVROLET,1
WA,Parkland,CHEVROLET,4
WA,Pasco,CHEVROLET,20
WA,Peshastin,CHEVROLET,1
WA,Point Roberts,BMW,2
WA,Port Angeles,TOYOTA,21
WA,Port Hadlock,FORD,2
WA,Port Ludlow,FORD,5
WA,Port Orchard,JEEP,47
WA,Port Townsend,TOYOTA,26
WA,Poulsbo,KIA,26
WA,Preston,VOLVO,2
WA,Prosser,MAZDA,3
WA,Pullman,SUBARU,12
WA,Puyallup,NISSAN,45
WA,Quilcene,CHEVROLET,2
WA,Quincy,FORD,3
WA,Rainier,NISSAN,4
WA,Ravensdale,BMW,3
WA,Raymond,FORD,2
WA,Redmond,HYUNDAI,146
WA,Renton,CHRYSLER,509
WA,Republic,TESLA,1
WA,Richland,TESLA,29
WA,Ridgefield,FORD,30
WA,Ritzville,JEEP,1
WA,Rochester,CHRYSLER,5
WA,Rock Island,JEEP,1
WA,Ronald,TOYOTA,2
WA,Roslyn,HYUNDAI,1
WA,Roy,FORD,5
WA,Royal City,GMC,1
WA,Ruston,VOLVO,2
WA,Sammamish,VOLVO,69
WA,Seabeck,TOYOTA,5
WA,Seatac,POLESTAR,84
WA,Seattle,TESLA,6503
WA,Seaview,TOYOTA,1
WA,Sedro Woolley,CHEVROLET,2
WA,Sedro-Woolley,FORD,8
WA,Selah,CHEVROLET,3
WA,Sequim,TESLA,25
WA,Shaw Island,HYUNDAI,1
WA,Shelton,TESLA,16
WA,Shoreline,CHEVROLET,57
WA,Silverdale,JEEP,13
WA,Silverlake,CHEVROLET,1
WA,Snohomish,JEEP,52
WA,Snoqualmie,RIVIAN,21
WA,Snoqualmie Pass,BMW,1
WA,Snowden,KIA,1
WA,Soap Lake,CHEVROLET,1
WA,South Bend,LEXUS,1
WA,South Hill,TESLA,20
WA,Spanaway,KIA,16
WA,Spokane,JEEP,116
WA,Spokane Valley,JEEP,38
WA,Stanwood,VOLKSWAGEN,18
WA,Steilacoom,TOYOTA,5
WA,Stevenson,AUDI,2
WA,Sultan,TESLA,7
WA,Sumas,CHEVROLET,1
WA,Sumner,KIA,5
WA,Sunnyside,JEEP,3
WA,Suquamish,CHRYSLER,3
WA,Surfside,AUDI,1
WA,Tacoma,VOLKSWAGEN,117
WA,Tahuya,BMW,1
WA,Tenino,FORD,4
WA,Thorp,VOLKSWAGEN,1
WA,Tieton,TESLA,1
WA,Toledo,JEEP,2
WA,Tonasket,RIVIAN,1
WA,Toppenish,NISSAN,1
WA,Trout Lake,FORD,1
WA,Tukwila,HYUNDAI,86
WA,Tumwater,MITSUBISHI,22
WA,Twisp,CHEVROLET,2
WA,Underwood,AUDI,1
WA,Union,KIA,2
WA,Union Gap,TOYOTA,1
WA,University Place,CHRYSLER,23
WA,Valleyford,CHEVROLET,1
WA,Vancouver,KIA,164
WA,Vashon,TOYOTA,22
WA,Vaughn,CHEVROLET,1
WA,Veradale,FORD,2
WA,Waitsburg,KIA,1
WA,Walla Walla,FORD,16
WA,Wapato,MERCEDES-BENZ,1
WA,Warden,JEEP,1
WA,Washougal,TOYOTA,22
WA,Wenatchee,TESLA,15
WA,West Richland,VOLKSWAGEN,8
WA,Westport,CADILLAC,1
WA,White Salmon,RIVIAN,6
WA,Winlock,FORD,4
WA,Winthrop,SUBARU,4
WA,Woodinville,VOLKSWAGEN,52
WA,Woodland,TESLA,8
WA,Woodway,AUDI,3
WA,Yacolt,JEEP,2
WA,Yakima,TESLA,27
WA,Yarrow Point,HYUNDAI,3
WA,Yelm,KIA,11
WA,Zillah,BMW,1
WA,Aberdeen,CHEVROLET,7
WA,Acme,VOLKSWAGEN,1
WA,Airway Heights,CHEVROLET,1
WA,Algona,TOYOTA,2
WA,Allyn,NISSAN,3
WA,Amboy,FORD,1
WA,Anacortes,TOYOTA,18
WA,Anderson Island,TOYOTA,2
WA,Ariel,FORD,1
WA,Arlington,KIA,20
WA,Ashford,HYUNDAI,1
WA,Asotin,TESLA,1
WA,Auburn,KIA,42
WA,Bainbridge Island,HYUNDAI,57
WA,Battle Ground,JEEP,23
WA,Beaux Arts,TESLA,2
WA,Belfair,VOLKSWAGEN,6
WA,Bellevue,CHEVROLET,150
WA,Bellingham,TOYOTA,99
WA,Benton City,SUBARU,3
WA,Black Diamond,KIA,9
WA,Blaine,JEEP,12
WA,Bonney Lake,HYUNDAI,25
WA,Bothell,CHEVROLET,79
WA,Bow,TESLA,4
WA,Bremerton,RIVIAN,133
WA,Brewster,TESLA,1
WA,Brier,CHRYSLER,6
WA,Brinnon,KIA,1
WA,Brush Prairie,JEEP,11
WA,Buckley,NISSAN,9
WA,Burien,CHEVROLET,32
WA,Burlington,KIA,5
WA,Camano Island,CHEVROLET,12
WA,Camas,JEEP,40
WA,Carnation,VOLKSWAGEN,10
WA,Carson,HYUNDAI,1
WA,Cashmere,AUDI,2
WA,Castle Rock,TESLA,3
WA,Cathlamet,HYUNDAI,2
WA,Centralia,KIA,9
WA,Chattaroy,JEEP,2
WA,Chehalis,TOYOTA,12
WA,Chelan,FORD,5
WA,Cheney,CHEVROLET,5
WA,Chewelah,HYUNDAI,1
WA,Chimacum,FORD,1
WA,Clarkston,CHEVROLET,2
WA,Cle Elum,TESLA,6
WA,Clinton,FORD,8
WA,Clyde Hill,BMW,6
WA,Colbert,VOLKSWAGEN,4
WA,Colfax,CHEVROLET,1
WA,College Place,FORD,3
WA,Colville,MITSUBISHI,2
WA,Concrete,AUDI,1
WA,Connell,TESLA,1
WA,Cosmopolis,FORD,1
WA,Coulee City,VOLKSWAGEN,1
WA,Coupeville,TOYOTA,10
WA,Covington,FORD,15
WA,Custer,CHEVROLET,1
WA,Dallesport,VOLKSWAGEN,1
WA,Darrington,TESLA,1
WA,Davenport,HONDA,1
WA,Dayton,KIA,1
WA,Deer Park,CHEVROLET,3
WA,Deming,BMW,1
WA,Des Moines,HYUNDAI,12
WA,Dupont,VOLVO,5
WA,Duvall,KIA,14
WA,East Wenatchee,FORD,9
WA,Easton,POLESTAR,1
WA,Eastsound,KIA,8
WA,Eatonville,TOYOTA,6
WA,Edgewood,BMW,8
WA,Edmonds,HYUNDAI,72
WA,Elk,TESLA,2
WA,Ellensburg,HYUNDAI,10
WA,Elma,JEEP,3
WA,Entiat,CHEVROLET,1
WA,Enumclaw,CHEVROLET,9
WA,Ephrata,TESLA,3
WA,Everett,CHRYSLER,74
WA,Everson,TOYOTA,3
WA,Fairchild Air Force Base,JEEP,1
WA,Fall City,VOLKSWAGEN,7
WA,Federal Way,VOLKSWAGEN,38
WA,Ferndale,KIA,12
WA,Fife,CADILLAC,6
WA,Fircrest,KIA,4
WA,Forks,CHEVROLET,1
WA,Fox Island,VOLKSWAGEN,7
WA,Freeland,KIA,6
WA,Friday Harbor,TOYOTA,12
WA,Gig Harbor,VOLKSWAGEN,42
WA,Glacier,HYUNDAI,1
WA,Gold Bar,CHRYSLER,2
WA,Goldendale,TOYOTA,2
WA,Graham,NISSAN,11
WA,Grand Coulee,TOYOTA,1
WA,Grandview,SUBARU,2
WA,Granite Falls,JEEP,4
WA,Grapeview,CHEVROLET,2
WA,Greenacres,CHEVROLET,4
WA,Greenbank,VOLVO,3
WA,Hansville,FORD,2
WA,Hoodsport,HYUNDAI,2
WA,Hoquiam,CHEVROLET,2
WA,Hunts Point,CADILLAC,1
WA,Husum,TOYOTA,1
WA,Ilwaco,RIVIAN,1
WA,Indianola,JEEP,2
WA,Issaquah,RIVIAN,96
WA,Joint Base Lewis Mcchord,CHEVROLET,3
WA,Kalama,NISSAN,5
WA,Kelso,CHEVROLET,6
WA,Kenmore,HYUNDAI,24
WA,Kennewick,FORD,25
WA,Kent,FORD,65
WA,Kettle Falls,TOYOTA,2
WA,Keyport,TESLA,1
WA,Kingston,HYUNDAI,9
WA,Kirkland,VOLVO,78
WA,La Center,KIA,6
WA,La Conner,CHEVROLET,4
WA,Lacey,KIA,34
WA,Lake Forest Park,FORD,18
WA,Lake Stevens,FORD,38
WA,Lake Tapps,JEEP,8
WA,Lakebay,FORD,3
WA,Lakewood,CHEVROLET,19
WA,Langley,TOYOTA,10
WA,Leavenworth,TESLA,11
WA,Liberty Lake,VOLKSWAGEN,8
WA,Lilliwaup,TESLA,1
WA,Long Beach,JEEP,2
WA,Longbranch,FORD,1
WA,Longview,TOYOTA,12
WA,Loon Lake,KIA,1
WA,Lopez Island,FORD,5
WA,Lummi Island,HYUNDAI,2
WA,Lyle,HYUNDAI,1
WA,Lynden,CHEVROLET,7
WA,Lynnwood,HYUNDAI,80
WA,Malaga,HYUNDAI,1
WA,Manson,BMW,4
WA,Maple Falls,FORD,1
WA,Maple Valley,CHEVROLET,41
WA,Marysville,FORD,39
WA,Mattawa,FORD,1
WA,Mazama,GENESIS,1
WA,Mccleary,TOYOTA,2
WA,Mead,BMW,2
WA,Medical Lake,VOLKSWAGEN,2
WA,Medina,MERCEDES-BENZ,5
WA,Menlo,TESLA,1
WA,Mercer Island,BMW,49
WA,Mill Creek,VOLKSWAGEN,15
WA,Milton,TESLA,3
WA,Mineral,TESLA,1
WA,Monroe,HYUNDAI,23
WA,Montesano,NISSAN,4
WA,Morton,HONDA,1
WA,Moses Lake,FORD,11
WA,Mossyrock,FORD,1
WA,Mount Vernon,JEEP,20
WA,Mountlake Terrace,KIA,13
WA,Moxee,CHEVROLET,1
WA,Mukilteo,FORD,15
WA,Naches,JEEP,1
WA,Naselle,JEEP,1
WA,Newcastle,CHEVROLET,13
WA,Newman Lake,NISSAN,2
WA,Newport,RIVIAN,2
WA,Nine Mile Falls,KIA,4
WA,Nooksack,VOLKSWAGEN,1
WA,Nordland,CADILLAC,2
WA,Normandy Park,VOLKSWAGEN,8
WA,North Bend,TOYOTA,21
WA,North Bonneville,MITSUBISHI,1
WA,Oak Harbor,TESLA,16
WA,Oakville,CHEVROLET,1
WA,Ocean Park,FORD,2
WA,Ocean Shores,KIA,5
WA,Okanogan,TESLA,1
WA,Olalla,KIA,3
WA,Olga,VOLKSWAGEN,2
WA,Olympia,TESLA,111
WA,Omak,GMC,1
WA,Onalaska,CHEVROLET,1
WA,Orcas Is,VOLKSWAGEN,1
WA,Orondo,SUBARU,2
WA,Oroville,KIA,1
WA,Orting,TESLA,6
WA,Othello,CHEVROLET,2
WA,Otis Orchards,KIA,2
WA,Outlook,TESLA,1
WA,Pacific,SUBARU,3
WA,Pacific Beach,CADILLAC,1
WA,Packwood,FORD,1
WA,Palouse,CHEVROLET,1
WA,Parkland,JEEP,4
WA,Pasco,FORD,19
WA,Peshastin,FORD,1
WA,Point Roberts,CHEVROLET,2
WA,Port Angeles,JEEP,18
WA,Port Hadlock,FORD,2
WA,Port Ludlow,FORD,6
WA,Port Orchard,VOLKSWAGEN,36
WA,Port Townsend,TESLA,20
WA,Poulsbo,JEEP,24
WA,Prosser,TESLA,3
WA,Pullman,TOYOTA,11
WA,Puyallup,TESLA,42
WA,Quilcene,HYUNDAI,2
WA,Quincy,TESLA,3
WA,Rainier,CHRYSLER,2
WA,Ravensdale,NISSAN,3
WA,Raymond,HYUNDAI,2
WA,Redmond,JEEP,92
WA,Renton,VOLKSWAGEN,94
WA,Republic,TOYOTA,1
WA,Richland,TOYOTA,33
WA,Ridgefield,JEEP,31
WA,Ritzville,KIA,1
WA,Rochester,FORD,4
WA,Rock Island,RIVIAN,1
WA,Ronald,AUDI,1
WA,Roslyn,HYUNDAI,1
WA,Roy,HYUNDAI,5
WA,Royal City,HONDA,1
WA,Ruston,AUDI,1
WA,Sammamish,RIVIAN,195
WA,Seabeck,BMW,3
WA,Seatac,CHEVROLET,30
WA,Seattle,TESLA,5720
WA,Seaview,TOYOTA,1
WA,Sedro Woolley,FORD,2
WA,Sedro-Woolley,CHRYSLER,8
WA,Selah,FORD,3
WA,Sequim,TOYOTA,20
WA,Shaw Island,LEXUS,1
WA,Shelton,TESLA,15
WA,Shoreline,HYUNDAI,63
WA,Silverdale,TESLA,13
WA,Silverlake,CHEVROLET,1
WA,Snohomish,VOLKSWAGEN,43
WA,Snoqualmie,HYUNDAI,21
WA,Snoqualmie Pass,BMW,1
WA,Snowden,POLESTAR,1
WA,Soap Lake,CHRYSLER,1
WA,South Hill,KIA,21
WA,Spanaway,TESLA,15
WA,Spokane,FORD,96
WA,Spokane Valley,FORD,21
WA,Stanwood,CHEVROLET,16
WA,Steilacoom,CHEVROLET,4
WA,Stevenson,POLESTAR,2
WA,Sultan,HYUNDAI,6
WA,Sumas,DODGE,1
WA,Sumner,NISSAN,5
WA,Sunnyside,CADILLAC,2
WA,Suquamish,JEEP,3
WA,Surfside,AUDI,1
WA,Tacoma,CHRYSLER,94
WA,Tahuya,CHEVROLET,1
WA,Tenino,KIA,4
WA,Tieton,TOYOTA,1
WA,Toledo,KIA,2
WA,Tonasket,TESLA,2
WA,Toppenish,NISSAN,1
WA,Trout Lake,FORD,1
WA,Tukwila,JEEP,191
WA,Tumwater,TESLA,17
WA,Twisp,FORD,2
WA,Underwood,BMW,1
WA,Union,TESLA,3
WA,University Place,CHEVROLET,20
WA,Valleyford,CHEVROLET,1
WA,Vancouver,TOYOTA,287
WA,Vashon,KIA,17
WA,Vaughn,GENESIS,1
WA,Veradale,HONDA,2
WA,Waitsburg,RIVIAN,1
WA,Walla Walla,JEEP,16
WA,Wapato,MINI,1
WA,Warden,KIA,1
WA,Washougal,FORD,20
WA,Wenatchee,JEEP,15
WA,West Richland,JEEP,8
WA,Westport,CHEVROLET,1
WA,White Salmon,TESLA,6
WA,Winlock,CHEVROLET,3
WA,Winthrop,CHEVROLET,3
WA,Woodinville,CHEVROLET,46
WA,Woodland,TOYOTA,9
WA,Woodway,BMW,3
WA,Yacolt,JEEP,2
WA,Yakima,CHEVROLET,24
WA,Yarrow Point,PORSCHE,3
WA,Yelm,TESLA,9
WA,Zillah,CADILLAC,1
WI,Green Bay,TESLA,1
WY,Cheyenne,TESLA,1
WY,Cheyenne,TOYOTA,1
